-- MySQL dump 10.13  Distrib 5.5.35, for debian-linux-gnu (x86_64)
--
-- Host: localhost    Database: sensecambrowser
-- ------------------------------------------------------
-- Server version	5.5.35-0ubuntu0.12.04.2

/*!40101 SET @OLD_CHARACTER_SET_CLIENT=@@CHARACTER_SET_CLIENT */;
/*!40101 SET @OLD_CHARACTER_SET_RESULTS=@@CHARACTER_SET_RESULTS */;
/*!40101 SET @OLD_COLLATION_CONNECTION=@@COLLATION_CONNECTION */;
/*!40101 SET NAMES utf8 */;
/*!40103 SET @OLD_TIME_ZONE=@@TIME_ZONE */;
/*!40103 SET TIME_ZONE='+00:00' */;
/*!40014 SET @OLD_UNIQUE_CHECKS=@@UNIQUE_CHECKS, UNIQUE_CHECKS=0 */;
/*!40014 SET @OLD_FOREIGN_KEY_CHECKS=@@FOREIGN_KEY_CHECKS, FOREIGN_KEY_CHECKS=0 */;
/*!40101 SET @OLD_SQL_MODE=@@SQL_MODE, SQL_MODE='NO_AUTO_VALUE_ON_ZERO' */;
/*!40111 SET @OLD_SQL_NOTES=@@SQL_NOTES, SQL_NOTES=0 */;

--
-- Table structure for table `annotater_annotationaction`
--

DROP TABLE IF EXISTS `annotater_annotationaction`;
/*!40101 SET @saved_cs_client     = @@character_set_client */;
/*!40101 SET character_set_client = utf8 */;
CREATE TABLE `annotater_annotationaction` (
  `id` int(11) NOT NULL AUTO_INCREMENT,
  `user_id` int(11) NOT NULL,
  `concept_id` int(11) NOT NULL,
  `annotate_at` datetime NOT NULL,
  PRIMARY KEY (`id`),
  KEY `annotater_annotationaction_6340c63c` (`user_id`),
  KEY `annotater_annotationaction_8a386586` (`concept_id`),
  CONSTRAINT `concept_id_refs_id_a4c56212` FOREIGN KEY (`concept_id`) REFERENCES `annotater_annotationterm` (`id`),
  CONSTRAINT `user_id_refs_id_d54d2a02` FOREIGN KEY (`user_id`) REFERENCES `auth_user` (`id`)
) ENGINE=InnoDB DEFAULT CHARSET=latin1;
/*!40101 SET character_set_client = @saved_cs_client */;

--
-- Dumping data for table `annotater_annotationaction`
--

LOCK TABLES `annotater_annotationaction` WRITE;
/*!40000 ALTER TABLE `annotater_annotationaction` DISABLE KEYS */;
/*!40000 ALTER TABLE `annotater_annotationaction` ENABLE KEYS */;
UNLOCK TABLES;

--
-- Table structure for table `annotater_annotationterm`
--

DROP TABLE IF EXISTS `annotater_annotationterm`;
/*!40101 SET @saved_cs_client     = @@character_set_client */;
/*!40101 SET character_set_client = utf8 */;
CREATE TABLE `annotater_annotationterm` (
  `id` int(11) NOT NULL AUTO_INCREMENT,
  `concept` varchar(100) NOT NULL,
  `category` varchar(100) NOT NULL,
  `user_id` int(11) NOT NULL,
  `add_at` datetime NOT NULL,
  PRIMARY KEY (`id`),
  UNIQUE KEY `concept` (`concept`),
  KEY `annotater_annotationterm_6340c63c` (`user_id`),
  CONSTRAINT `user_id_refs_id_baa215dd` FOREIGN KEY (`user_id`) REFERENCES `auth_user` (`id`)
) ENGINE=InnoDB AUTO_INCREMENT=24 DEFAULT CHARSET=latin1;
/*!40101 SET character_set_client = @saved_cs_client */;

--
-- Dumping data for table `annotater_annotationterm`
--

LOCK TABLES `annotater_annotationterm` WRITE;
/*!40000 ALTER TABLE `annotater_annotationterm` DISABLE KEYS */;
INSERT INTO `annotater_annotationterm` VALUES (1,'Self Care','Activity',1,'2014-03-10 14:05:19'),(2,'Household Activity','Activity',1,'2014-03-10 14:05:30'),(3,'Conditioning Exercise','Activity',1,'2014-03-10 14:06:09'),(4,'Sports','Activity',1,'2014-03-10 14:06:18'),(5,'Manual Labor','Activity',1,'2014-03-10 14:06:30'),(6,'Leisure','Activity',1,'2014-03-10 14:06:37'),(7,'Administrative Activity','Activity',1,'2014-03-10 14:06:51'),(8,'Car','Activity',1,'2014-03-10 14:07:01'),(9,'Other Vehicle','Activity',1,'2014-03-10 14:07:12'),(10,'Television','Activity',1,'2014-03-10 14:07:26'),(11,'Other Screen','Activity',1,'2014-03-10 14:07:37'),(12,'Eating','Activity',1,'2014-03-10 14:07:44'),(13,'Sedentary','Positions',1,'2014-03-10 14:08:00'),(14,'Standing Still','Activity',1,'2014-03-10 14:08:10'),(15,'Standing Moving','Positions',1,'2014-03-10 14:08:22'),(16,'Walking/Running','Positions',1,'2014-03-10 14:08:34'),(17,'Biking','Positions',1,'2014-03-10 14:08:46'),(18,'Social Interaction','Social_Context',1,'2014-03-10 14:09:20'),(19,'No Social Interaction','Social_Context',1,'2014-03-10 14:09:35'),(20,'Indoor','Indoor_Outdoor',1,'2014-03-10 14:09:52'),(21,'Outdoor','Indoor_Outdoor',1,'2014-03-10 14:10:00'),(22,'In Vehicle','Indoor_Outdoor',1,'2014-03-10 14:10:23'),(23,'Mixed','Indoor_Outdoor',1,'2014-03-10 14:10:39');
/*!40000 ALTER TABLE `annotater_annotationterm` ENABLE KEYS */;
UNLOCK TABLES;

--
-- Table structure for table `auth_group`
--

DROP TABLE IF EXISTS `auth_group`;
/*!40101 SET @saved_cs_client     = @@character_set_client */;
/*!40101 SET character_set_client = utf8 */;
CREATE TABLE `auth_group` (
  `id` int(11) NOT NULL AUTO_INCREMENT,
  `name` varchar(80) NOT NULL,
  PRIMARY KEY (`id`),
  UNIQUE KEY `name` (`name`)
) ENGINE=InnoDB AUTO_INCREMENT=4 DEFAULT CHARSET=latin1;
/*!40101 SET character_set_client = @saved_cs_client */;

--
-- Dumping data for table `auth_group`
--

LOCK TABLES `auth_group` WRITE;
/*!40000 ALTER TABLE `auth_group` DISABLE KEYS */;
INSERT INTO `auth_group` VALUES (1,'annotater'),(2,'researcher'),(3,'subject');
/*!40000 ALTER TABLE `auth_group` ENABLE KEYS */;
UNLOCK TABLES;

--
-- Table structure for table `auth_group_permissions`
--

DROP TABLE IF EXISTS `auth_group_permissions`;
/*!40101 SET @saved_cs_client     = @@character_set_client */;
/*!40101 SET character_set_client = utf8 */;
CREATE TABLE `auth_group_permissions` (
  `id` int(11) NOT NULL AUTO_INCREMENT,
  `group_id` int(11) NOT NULL,
  `permission_id` int(11) NOT NULL,
  PRIMARY KEY (`id`),
  UNIQUE KEY `group_id` (`group_id`,`permission_id`),
  KEY `auth_group_permissions_5f412f9a` (`group_id`),
  KEY `auth_group_permissions_83d7f98b` (`permission_id`),
  CONSTRAINT `group_id_refs_id_f4b32aac` FOREIGN KEY (`group_id`) REFERENCES `auth_group` (`id`),
  CONSTRAINT `permission_id_refs_id_6ba0f519` FOREIGN KEY (`permission_id`) REFERENCES `auth_permission` (`id`)
) ENGINE=InnoDB DEFAULT CHARSET=latin1;
/*!40101 SET character_set_client = @saved_cs_client */;

--
-- Dumping data for table `auth_group_permissions`
--

LOCK TABLES `auth_group_permissions` WRITE;
/*!40000 ALTER TABLE `auth_group_permissions` DISABLE KEYS */;
/*!40000 ALTER TABLE `auth_group_permissions` ENABLE KEYS */;
UNLOCK TABLES;

--
-- Table structure for table `auth_permission`
--

DROP TABLE IF EXISTS `auth_permission`;
/*!40101 SET @saved_cs_client     = @@character_set_client */;
/*!40101 SET character_set_client = utf8 */;
CREATE TABLE `auth_permission` (
  `id` int(11) NOT NULL AUTO_INCREMENT,
  `name` varchar(50) NOT NULL,
  `content_type_id` int(11) NOT NULL,
  `codename` varchar(100) NOT NULL,
  PRIMARY KEY (`id`),
  UNIQUE KEY `content_type_id` (`content_type_id`,`codename`),
  KEY `auth_permission_37ef4eb4` (`content_type_id`),
  CONSTRAINT `content_type_id_refs_id_d043b34a` FOREIGN KEY (`content_type_id`) REFERENCES `django_content_type` (`id`)
) ENGINE=InnoDB AUTO_INCREMENT=61 DEFAULT CHARSET=latin1;
/*!40101 SET character_set_client = @saved_cs_client */;

--
-- Dumping data for table `auth_permission`
--

LOCK TABLES `auth_permission` WRITE;
/*!40000 ALTER TABLE `auth_permission` DISABLE KEYS */;
INSERT INTO `auth_permission` VALUES (1,'Can add permission',1,'add_permission'),(2,'Can change permission',1,'change_permission'),(3,'Can delete permission',1,'delete_permission'),(4,'Can add group',2,'add_group'),(5,'Can change group',2,'change_group'),(6,'Can delete group',2,'delete_group'),(7,'Can add user',3,'add_user'),(8,'Can change user',3,'change_user'),(9,'Can delete user',3,'delete_user'),(10,'Can add content type',4,'add_contenttype'),(11,'Can change content type',4,'change_contenttype'),(12,'Can delete content type',4,'delete_contenttype'),(13,'Can add session',5,'add_session'),(14,'Can change session',5,'change_session'),(15,'Can delete session',5,'delete_session'),(16,'Can add site',6,'add_site'),(17,'Can change site',6,'change_site'),(18,'Can delete site',6,'delete_site'),(19,'Can add migration history',7,'add_migrationhistory'),(20,'Can change migration history',7,'change_migrationhistory'),(21,'Can delete migration history',7,'delete_migrationhistory'),(22,'Can add log entry',8,'add_logentry'),(23,'Can change log entry',8,'change_logentry'),(24,'Can delete log entry',8,'delete_logentry'),(25,'Can add user interaction',9,'add_userinteraction'),(26,'Can change user interaction',9,'change_userinteraction'),(27,'Can delete user interaction',9,'delete_userinteraction'),(28,'Can add sensor type',10,'add_sensortype'),(29,'Can change sensor type',10,'change_sensortype'),(30,'Can delete sensor type',10,'delete_sensortype'),(31,'Can add album',11,'add_album'),(32,'Can change album',11,'change_album'),(33,'Can delete album',11,'delete_album'),(34,'Can add image',12,'add_image'),(35,'Can change image',12,'change_image'),(36,'Can delete image',12,'delete_image'),(37,'Can add sensor',13,'add_sensor'),(38,'Can change sensor',13,'change_sensor'),(39,'Can delete sensor',13,'delete_sensor'),(40,'Can add sensor file',14,'add_sensorfile'),(41,'Can change sensor file',14,'change_sensorfile'),(42,'Can delete sensor file',14,'delete_sensorfile'),(43,'Can add event',15,'add_event'),(44,'Can change event',15,'change_event'),(45,'Can delete event',15,'delete_event'),(46,'Can add event image',16,'add_eventimage'),(47,'Can change event image',16,'change_eventimage'),(48,'Can delete event image',16,'delete_eventimage'),(49,'Can add annotation term',17,'add_annotationterm'),(50,'Can change annotation term',17,'change_annotationterm'),(51,'Can delete annotation term',17,'delete_annotationterm'),(52,'Can add annotation action',18,'add_annotationaction'),(53,'Can change annotation action',18,'change_annotationaction'),(54,'Can delete annotation action',18,'delete_annotationaction'),(55,'Can add user profile',19,'add_userprofile'),(56,'Can change user profile',19,'change_userprofile'),(57,'Can delete user profile',19,'delete_userprofile'),(58,'Can add registration profile',20,'add_registrationprofile'),(59,'Can change registration profile',20,'change_registrationprofile'),(60,'Can delete registration profile',20,'delete_registrationprofile');
/*!40000 ALTER TABLE `auth_permission` ENABLE KEYS */;
UNLOCK TABLES;

--
-- Table structure for table `auth_user`
--

DROP TABLE IF EXISTS `auth_user`;
/*!40101 SET @saved_cs_client     = @@character_set_client */;
/*!40101 SET character_set_client = utf8 */;
CREATE TABLE `auth_user` (
  `id` int(11) NOT NULL AUTO_INCREMENT,
  `password` varchar(128) NOT NULL,
  `last_login` datetime NOT NULL,
  `is_superuser` tinyint(1) NOT NULL,
  `username` varchar(30) NOT NULL,
  `first_name` varchar(30) NOT NULL,
  `last_name` varchar(30) NOT NULL,
  `email` varchar(75) NOT NULL,
  `is_staff` tinyint(1) NOT NULL,
  `is_active` tinyint(1) NOT NULL,
  `date_joined` datetime NOT NULL,
  PRIMARY KEY (`id`),
  UNIQUE KEY `username` (`username`)
) ENGINE=InnoDB AUTO_INCREMENT=3 DEFAULT CHARSET=latin1;
/*!40101 SET character_set_client = @saved_cs_client */;

--
-- Dumping data for table `auth_user`
--

LOCK TABLES `auth_user` WRITE;
/*!40000 ALTER TABLE `auth_user` DISABLE KEYS */;
INSERT INTO `auth_user` VALUES (1,'pbkdf2_sha256$10000$AEDEi1w45BJ5$7NcEH14yV8SFcFd56Msg5Y7jDt0eu/ekMkPmA861ZJg=','2014-03-10 12:08:01',1,'marissa','','','',1,1,'2014-02-24 23:17:12'),(2,'pbkdf2_sha256$10000$eqglD59SVb8Q$yux0UJmlH4fUVKfdKeYD/DZyIQJw572uxmcqI+SKZsQ=','2014-03-07 17:59:12',0,'brian','','','',1,1,'2014-02-27 16:20:24');
/*!40000 ALTER TABLE `auth_user` ENABLE KEYS */;
UNLOCK TABLES;

--
-- Table structure for table `auth_user_groups`
--

DROP TABLE IF EXISTS `auth_user_groups`;
/*!40101 SET @saved_cs_client     = @@character_set_client */;
/*!40101 SET character_set_client = utf8 */;
CREATE TABLE `auth_user_groups` (
  `id` int(11) NOT NULL AUTO_INCREMENT,
  `user_id` int(11) NOT NULL,
  `group_id` int(11) NOT NULL,
  PRIMARY KEY (`id`),
  UNIQUE KEY `user_id` (`user_id`,`group_id`),
  KEY `auth_user_groups_6340c63c` (`user_id`),
  KEY `auth_user_groups_5f412f9a` (`group_id`),
  CONSTRAINT `group_id_refs_id_274b862c` FOREIGN KEY (`group_id`) REFERENCES `auth_group` (`id`),
  CONSTRAINT `user_id_refs_id_40c41112` FOREIGN KEY (`user_id`) REFERENCES `auth_user` (`id`)
) ENGINE=InnoDB AUTO_INCREMENT=5 DEFAULT CHARSET=latin1;
/*!40101 SET character_set_client = @saved_cs_client */;

--
-- Dumping data for table `auth_user_groups`
--

LOCK TABLES `auth_user_groups` WRITE;
/*!40000 ALTER TABLE `auth_user_groups` DISABLE KEYS */;
INSERT INTO `auth_user_groups` VALUES (1,1,1),(2,1,2),(3,1,3),(4,2,1);
/*!40000 ALTER TABLE `auth_user_groups` ENABLE KEYS */;
UNLOCK TABLES;

--
-- Table structure for table `auth_user_user_permissions`
--

DROP TABLE IF EXISTS `auth_user_user_permissions`;
/*!40101 SET @saved_cs_client     = @@character_set_client */;
/*!40101 SET character_set_client = utf8 */;
CREATE TABLE `auth_user_user_permissions` (
  `id` int(11) NOT NULL AUTO_INCREMENT,
  `user_id` int(11) NOT NULL,
  `permission_id` int(11) NOT NULL,
  PRIMARY KEY (`id`),
  UNIQUE KEY `user_id` (`user_id`,`permission_id`),
  KEY `auth_user_user_permissions_6340c63c` (`user_id`),
  KEY `auth_user_user_permissions_83d7f98b` (`permission_id`),
  CONSTRAINT `permission_id_refs_id_35d9ac25` FOREIGN KEY (`permission_id`) REFERENCES `auth_permission` (`id`),
  CONSTRAINT `user_id_refs_id_4dc23c39` FOREIGN KEY (`user_id`) REFERENCES `auth_user` (`id`)
) ENGINE=InnoDB AUTO_INCREMENT=13 DEFAULT CHARSET=latin1;
/*!40101 SET character_set_client = @saved_cs_client */;

--
-- Dumping data for table `auth_user_user_permissions`
--

LOCK TABLES `auth_user_user_permissions` WRITE;
/*!40000 ALTER TABLE `auth_user_user_permissions` DISABLE KEYS */;
INSERT INTO `auth_user_user_permissions` VALUES (7,2,49),(8,2,50),(9,2,51),(10,2,52),(11,2,53),(12,2,54);
/*!40000 ALTER TABLE `auth_user_user_permissions` ENABLE KEYS */;
UNLOCK TABLES;

--
-- Table structure for table `django_admin_log`
--

DROP TABLE IF EXISTS `django_admin_log`;
/*!40101 SET @saved_cs_client     = @@character_set_client */;
/*!40101 SET character_set_client = utf8 */;
CREATE TABLE `django_admin_log` (
  `id` int(11) NOT NULL AUTO_INCREMENT,
  `action_time` datetime NOT NULL,
  `user_id` int(11) NOT NULL,
  `content_type_id` int(11) DEFAULT NULL,
  `object_id` longtext,
  `object_repr` varchar(200) NOT NULL,
  `action_flag` smallint(5) unsigned NOT NULL,
  `change_message` longtext NOT NULL,
  PRIMARY KEY (`id`),
  KEY `django_admin_log_6340c63c` (`user_id`),
  KEY `django_admin_log_37ef4eb4` (`content_type_id`),
  CONSTRAINT `content_type_id_refs_id_93d2d1f8` FOREIGN KEY (`content_type_id`) REFERENCES `django_content_type` (`id`),
  CONSTRAINT `user_id_refs_id_c0d12874` FOREIGN KEY (`user_id`) REFERENCES `auth_user` (`id`)
) ENGINE=InnoDB AUTO_INCREMENT=71 DEFAULT CHARSET=latin1;
/*!40101 SET character_set_client = @saved_cs_client */;

--
-- Dumping data for table `django_admin_log`
--

LOCK TABLES `django_admin_log` WRITE;
/*!40000 ALTER TABLE `django_admin_log` DISABLE KEYS */;
INSERT INTO `django_admin_log` VALUES (1,'2014-02-24 23:20:02',1,10,'1','SensorType object',1,''),(2,'2014-02-24 23:20:52',1,10,'2','SensorType object',1,''),(3,'2014-02-24 23:21:18',1,10,'3','SensorType object',1,''),(4,'2014-02-24 23:21:28',1,10,'4','SensorType object',1,''),(5,'2014-02-24 23:21:39',1,10,'5','SensorType object',1,''),(6,'2014-02-24 23:22:23',1,10,'5','SensorType object',2,'No fields changed.'),(7,'2014-02-24 23:22:36',1,10,'6','SensorType object',1,''),(8,'2014-02-24 23:22:51',1,10,'7','SensorType object',1,''),(9,'2014-02-24 23:23:10',1,10,'8','SensorType object',1,''),(10,'2014-02-24 23:24:15',1,10,'9','SensorType object',1,''),(11,'2014-02-24 23:24:25',1,10,'10','SensorType object',1,''),(12,'2014-02-24 23:24:32',1,10,'11','SensorType object',1,''),(13,'2014-02-24 23:24:54',1,10,'12','SensorType object',1,''),(14,'2014-02-24 23:25:15',1,10,'13','SensorType object',1,''),(15,'2014-02-24 23:25:34',1,10,'14','SensorType object',1,''),(16,'2014-02-24 23:26:20',1,10,'15','SensorType object',1,''),(17,'2014-02-24 23:26:30',1,10,'16','SensorType object',1,''),(18,'2014-02-24 23:26:38',1,10,'17','SensorType object',1,''),(19,'2014-02-24 23:27:12',1,10,'18','SensorType object',1,''),(20,'2014-02-24 23:27:35',1,10,'19','SensorType object',1,''),(21,'2014-02-24 23:27:48',1,10,'20','SensorType object',1,''),(22,'2014-02-25 09:32:31',1,10,'20','SensorType object',2,'No fields changed.'),(23,'2014-02-25 09:32:52',1,10,'21','SensorType object',1,''),(24,'2014-02-25 09:33:05',1,10,'22','SensorType object',1,''),(25,'2014-02-25 09:33:11',1,10,'23','SensorType object',1,''),(26,'2014-02-25 09:33:28',1,10,'23','SensorType object',2,'Changed name.'),(27,'2014-02-26 12:03:48',1,10,'23','SensorType object',2,'No fields changed.'),(28,'2014-02-26 12:08:38',1,10,'24','SensorType object',1,''),(29,'2014-02-26 12:10:17',1,10,'25','SensorType object',1,''),(30,'2014-02-26 12:11:03',1,10,'26','SensorType object',1,''),(31,'2014-02-26 12:11:16',1,10,'27','SensorType object',1,''),(32,'2014-02-26 12:12:02',1,10,'28','SensorType object',1,''),(33,'2014-02-26 12:12:46',1,10,'29','SensorType object',1,''),(34,'2014-02-26 12:13:41',1,10,'30','SensorType object',1,''),(35,'2014-02-26 12:13:50',1,10,'31','SensorType object',1,''),(36,'2014-02-26 23:59:23',1,10,'22','SensorType object',2,'Changed abbreviation.'),(37,'2014-02-26 23:59:33',1,10,'23','SensorType object',2,'Changed abbreviation.'),(38,'2014-02-27 16:20:24',1,3,'2','brian',1,''),(39,'2014-02-27 16:20:29',1,3,'2','brian',2,'Changed password.'),(40,'2014-02-28 10:42:13',1,3,'2','brian',2,'Changed password and is_staff.'),(41,'2014-02-28 10:42:59',1,3,'2','brian',2,'Changed password and user_permissions.'),(42,'2014-03-03 13:10:29',1,2,'1','annotater',1,''),(43,'2014-03-03 13:10:34',1,2,'2','researcher',1,''),(44,'2014-03-03 13:10:38',1,2,'3','subject',1,''),(45,'2014-03-03 13:33:31',1,3,'1','marissa',2,'Changed password and groups.'),(46,'2014-03-07 17:59:00',1,3,'2','brian',2,'Changed password and groups.'),(47,'2014-03-10 14:02:28',1,17,'1','AnnotationTerm object',1,''),(48,'2014-03-10 14:05:19',1,17,'1','AnnotationTerm object',1,''),(49,'2014-03-10 14:05:30',1,17,'2','AnnotationTerm object',1,''),(50,'2014-03-10 14:06:09',1,17,'3','AnnotationTerm object',1,''),(51,'2014-03-10 14:06:18',1,17,'4','AnnotationTerm object',1,''),(52,'2014-03-10 14:06:30',1,17,'5','AnnotationTerm object',1,''),(53,'2014-03-10 14:06:37',1,17,'6','AnnotationTerm object',1,''),(54,'2014-03-10 14:06:51',1,17,'7','AnnotationTerm object',1,''),(55,'2014-03-10 14:07:01',1,17,'8','AnnotationTerm object',1,''),(56,'2014-03-10 14:07:12',1,17,'9','AnnotationTerm object',1,''),(57,'2014-03-10 14:07:26',1,17,'10','AnnotationTerm object',1,''),(58,'2014-03-10 14:07:37',1,17,'11','AnnotationTerm object',1,''),(59,'2014-03-10 14:07:44',1,17,'12','AnnotationTerm object',1,''),(60,'2014-03-10 14:08:00',1,17,'13','AnnotationTerm object',1,''),(61,'2014-03-10 14:08:10',1,17,'14','AnnotationTerm object',1,''),(62,'2014-03-10 14:08:22',1,17,'15','AnnotationTerm object',1,''),(63,'2014-03-10 14:08:34',1,17,'16','AnnotationTerm object',1,''),(64,'2014-03-10 14:08:46',1,17,'17','AnnotationTerm object',1,''),(65,'2014-03-10 14:09:20',1,17,'18','AnnotationTerm object',1,''),(66,'2014-03-10 14:09:35',1,17,'19','AnnotationTerm object',1,''),(67,'2014-03-10 14:09:52',1,17,'20','AnnotationTerm object',1,''),(68,'2014-03-10 14:10:00',1,17,'21','AnnotationTerm object',1,''),(69,'2014-03-10 14:10:23',1,17,'22','AnnotationTerm object',1,''),(70,'2014-03-10 14:10:39',1,17,'23','AnnotationTerm object',1,'');
/*!40000 ALTER TABLE `django_admin_log` ENABLE KEYS */;
UNLOCK TABLES;

--
-- Table structure for table `django_content_type`
--

DROP TABLE IF EXISTS `django_content_type`;
/*!40101 SET @saved_cs_client     = @@character_set_client */;
/*!40101 SET character_set_client = utf8 */;
CREATE TABLE `django_content_type` (
  `id` int(11) NOT NULL AUTO_INCREMENT,
  `name` varchar(100) NOT NULL,
  `app_label` varchar(100) NOT NULL,
  `model` varchar(100) NOT NULL,
  PRIMARY KEY (`id`),
  UNIQUE KEY `app_label` (`app_label`,`model`)
) ENGINE=InnoDB AUTO_INCREMENT=21 DEFAULT CHARSET=latin1;
/*!40101 SET character_set_client = @saved_cs_client */;

--
-- Dumping data for table `django_content_type`
--

LOCK TABLES `django_content_type` WRITE;
/*!40000 ALTER TABLE `django_content_type` DISABLE KEYS */;
INSERT INTO `django_content_type` VALUES (1,'permission','auth','permission'),(2,'group','auth','group'),(3,'user','auth','user'),(4,'content type','contenttypes','contenttype'),(5,'session','sessions','session'),(6,'site','sites','site'),(7,'migration history','south','migrationhistory'),(8,'log entry','admin','logentry'),(9,'user interaction','sensecam','userinteraction'),(10,'sensor type','fileuploader','sensortype'),(11,'album','fileuploader','album'),(12,'image','fileuploader','image'),(13,'sensor','fileuploader','sensor'),(14,'sensor file','fileuploader','sensorfile'),(15,'event','eventseg','event'),(16,'event image','eventseg','eventimage'),(17,'annotation term','annotater','annotationterm'),(18,'annotation action','annotater','annotationaction'),(19,'user profile','registration','userprofile'),(20,'registration profile','registration','registrationprofile');
/*!40000 ALTER TABLE `django_content_type` ENABLE KEYS */;
UNLOCK TABLES;

--
-- Table structure for table `django_session`
--

DROP TABLE IF EXISTS `django_session`;
/*!40101 SET @saved_cs_client     = @@character_set_client */;
/*!40101 SET character_set_client = utf8 */;
CREATE TABLE `django_session` (
  `session_key` varchar(40) NOT NULL,
  `session_data` longtext NOT NULL,
  `expire_date` datetime NOT NULL,
  PRIMARY KEY (`session_key`),
  KEY `django_session_b7b81f0c` (`expire_date`)
) ENGINE=InnoDB DEFAULT CHARSET=latin1;
/*!40101 SET character_set_client = @saved_cs_client */;

--
-- Dumping data for table `django_session`
--

LOCK TABLES `django_session` WRITE;
/*!40000 ALTER TABLE `django_session` DISABLE KEYS */;
INSERT INTO `django_session` VALUES ('1lvc0a01114qzzl4iwhkjs8x5muvz7kj','ZWU4NjA2YjRiMmEwNzNhMmVjNzg2YTczMzFhZDE5MWFmMWVlZWQyMjqAAn1xAShVEl9hdXRoX3VzZXJfYmFja2VuZHECVSlkamFuZ28uY29udHJpYi5hdXRoLmJhY2tlbmRzLk1vZGVsQmFja2VuZHEDVQ1fYXV0aF91c2VyX2lkcQSKAQF1Lg==','2014-03-24 12:08:01'),('5ti9vb22i98mwd71iudv3nrbp6k43qxa','N2ZmMGJjM2Q3N2NmMDM0NDM4NzcxOGIwNmM1MGFiZGM1M2RkYWFhMTqAAn1xAShVEl9hdXRoX3VzZXJfYmFja2VuZHECVSlkamFuZ28uY29udHJpYi5hdXRoLmJhY2tlbmRzLk1vZGVsQmFja2VuZHEDVQ1fYXV0aF91c2VyX2lkcQSKAQJ1Lg==','2014-03-21 17:49:40'),('7whzszj12paxcjxxswuj94lm3ea0zpon','ZWU4NjA2YjRiMmEwNzNhMmVjNzg2YTczMzFhZDE5MWFmMWVlZWQyMjqAAn1xAShVEl9hdXRoX3VzZXJfYmFja2VuZHECVSlkamFuZ28uY29udHJpYi5hdXRoLmJhY2tlbmRzLk1vZGVsQmFja2VuZHEDVQ1fYXV0aF91c2VyX2lkcQSKAQF1Lg==','2014-03-14 10:41:47'),('8py5y33w4usjtparr2trfas5bs0axzfn','ZWU4NjA2YjRiMmEwNzNhMmVjNzg2YTczMzFhZDE5MWFmMWVlZWQyMjqAAn1xAShVEl9hdXRoX3VzZXJfYmFja2VuZHECVSlkamFuZ28uY29udHJpYi5hdXRoLmJhY2tlbmRzLk1vZGVsQmFja2VuZHEDVQ1fYXV0aF91c2VyX2lkcQSKAQF1Lg==','2014-03-21 13:22:10'),('gg1cdcfnk78nw2rrennkebrw16gvtw0n','YjEzZDNmZDMzOWQ0MjA4Mzk4MmU5OThjYjYzYTU0ZDYyYmY2YzdiZjqAAn1xAShVDV9hdXRoX3VzZXJfaWSKAQFVEl9hdXRoX3VzZXJfYmFja2VuZFUpZGphbmdvLmNvbnRyaWIuYXV0aC5iYWNrZW5kcy5Nb2RlbEJhY2tlbmRxAnUu','2014-03-21 11:32:20'),('ki11ms8fqijabc2gevbeyhs5s74vv4xm','N2ZmMGJjM2Q3N2NmMDM0NDM4NzcxOGIwNmM1MGFiZGM1M2RkYWFhMTqAAn1xAShVEl9hdXRoX3VzZXJfYmFja2VuZHECVSlkamFuZ28uY29udHJpYi5hdXRoLmJhY2tlbmRzLk1vZGVsQmFja2VuZHEDVQ1fYXV0aF91c2VyX2lkcQSKAQJ1Lg==','2014-03-17 14:50:47'),('lbenn3glob9g02zzuuyb6juzd01yhhz7','ZWU4NjA2YjRiMmEwNzNhMmVjNzg2YTczMzFhZDE5MWFmMWVlZWQyMjqAAn1xAShVEl9hdXRoX3VzZXJfYmFja2VuZHECVSlkamFuZ28uY29udHJpYi5hdXRoLmJhY2tlbmRzLk1vZGVsQmFja2VuZHEDVQ1fYXV0aF91c2VyX2lkcQSKAQF1Lg==','2014-03-10 23:18:29'),('pyap6i3pxg8nvlo01qpgmrv5v8fq6cz7','ZWU4NjA2YjRiMmEwNzNhMmVjNzg2YTczMzFhZDE5MWFmMWVlZWQyMjqAAn1xAShVEl9hdXRoX3VzZXJfYmFja2VuZHECVSlkamFuZ28uY29udHJpYi5hdXRoLmJhY2tlbmRzLk1vZGVsQmFja2VuZHEDVQ1fYXV0aF91c2VyX2lkcQSKAQF1Lg==','2014-03-17 13:09:13'),('sx2h525v7iovla85gjcu8fr6tuc65zd5','YjEzZDNmZDMzOWQ0MjA4Mzk4MmU5OThjYjYzYTU0ZDYyYmY2YzdiZjqAAn1xAShVDV9hdXRoX3VzZXJfaWSKAQFVEl9hdXRoX3VzZXJfYmFja2VuZFUpZGphbmdvLmNvbnRyaWIuYXV0aC5iYWNrZW5kcy5Nb2RlbEJhY2tlbmRxAnUu','2014-03-20 18:46:06'),('yfy1frkpjrex7etvu8f86kj55rewz5wz','ZWU4NjA2YjRiMmEwNzNhMmVjNzg2YTczMzFhZDE5MWFmMWVlZWQyMjqAAn1xAShVEl9hdXRoX3VzZXJfYmFja2VuZHECVSlkamFuZ28uY29udHJpYi5hdXRoLmJhY2tlbmRzLk1vZGVsQmFja2VuZHEDVQ1fYXV0aF91c2VyX2lkcQSKAQF1Lg==','2014-03-11 13:31:58'),('z78ys7ik37jrakebbbkitpuuu9mb1cmd','Y2FjYmE0OTA2ODYyNGEzNTU4ZGZjN2Q0OWM0ZjZjYjc1ZmNmMWI0YTqAAn1xAVgKAAAAdGVzdGNvb2tpZXECWAYAAAB3b3JrZWRxA3Mu','2014-03-18 16:07:36');
/*!40000 ALTER TABLE `django_session` ENABLE KEYS */;
UNLOCK TABLES;

--
-- Table structure for table `django_site`
--

DROP TABLE IF EXISTS `django_site`;
/*!40101 SET @saved_cs_client     = @@character_set_client */;
/*!40101 SET character_set_client = utf8 */;
CREATE TABLE `django_site` (
  `id` int(11) NOT NULL AUTO_INCREMENT,
  `domain` varchar(100) NOT NULL,
  `name` varchar(50) NOT NULL,
  PRIMARY KEY (`id`)
) ENGINE=InnoDB AUTO_INCREMENT=2 DEFAULT CHARSET=latin1;
/*!40101 SET character_set_client = @saved_cs_client */;

--
-- Dumping data for table `django_site`
--

LOCK TABLES `django_site` WRITE;
/*!40000 ALTER TABLE `django_site` DISABLE KEYS */;
INSERT INTO `django_site` VALUES (1,'example.com','example.com');
/*!40000 ALTER TABLE `django_site` ENABLE KEYS */;
UNLOCK TABLES;

--
-- Table structure for table `eventseg_event`
--

DROP TABLE IF EXISTS `eventseg_event`;
/*!40101 SET @saved_cs_client     = @@character_set_client */;
/*!40101 SET character_set_client = utf8 */;
CREATE TABLE `eventseg_event` (
  `id` int(11) NOT NULL AUTO_INCREMENT,
  `user_id` int(11) NOT NULL,
  `start_at` datetime NOT NULL,
  `end_at` datetime NOT NULL,
  `location` varchar(1000) NOT NULL,
  `sensor_num` int(11) NOT NULL,
  `pic_num` int(11) NOT NULL,
  `keyframe` varchar(1000) NOT NULL,
  `shared` tinyint(1) NOT NULL,
  `favourite` tinyint(1) NOT NULL,
  `created_at` datetime NOT NULL,
  `updated_at` datetime NOT NULL,
  PRIMARY KEY (`id`),
  KEY `eventseg_event_6340c63c` (`user_id`),
  CONSTRAINT `user_id_refs_id_31f4f414` FOREIGN KEY (`user_id`) REFERENCES `auth_user` (`id`)
) ENGINE=InnoDB DEFAULT CHARSET=latin1;
/*!40101 SET character_set_client = @saved_cs_client */;

--
-- Dumping data for table `eventseg_event`
--

LOCK TABLES `eventseg_event` WRITE;
/*!40000 ALTER TABLE `eventseg_event` DISABLE KEYS */;
/*!40000 ALTER TABLE `eventseg_event` ENABLE KEYS */;
UNLOCK TABLES;

--
-- Table structure for table `eventseg_eventimage`
--

DROP TABLE IF EXISTS `eventseg_eventimage`;
/*!40101 SET @saved_cs_client     = @@character_set_client */;
/*!40101 SET character_set_client = utf8 */;
CREATE TABLE `eventseg_eventimage` (
  `id` int(11) NOT NULL AUTO_INCREMENT,
  `image_id` int(11) NOT NULL,
  `event_id` int(11) NOT NULL,
  PRIMARY KEY (`id`),
  KEY `eventseg_eventimage_06df7330` (`image_id`),
  KEY `eventseg_eventimage_a41e20fe` (`event_id`),
  CONSTRAINT `event_id_refs_id_aa1f18a2` FOREIGN KEY (`event_id`) REFERENCES `eventseg_event` (`id`),
  CONSTRAINT `image_id_refs_id_b63a3c71` FOREIGN KEY (`image_id`) REFERENCES `fileuploader_image` (`id`)
) ENGINE=InnoDB DEFAULT CHARSET=latin1;
/*!40101 SET character_set_client = @saved_cs_client */;

--
-- Dumping data for table `eventseg_eventimage`
--

LOCK TABLES `eventseg_eventimage` WRITE;
/*!40000 ALTER TABLE `eventseg_eventimage` DISABLE KEYS */;
/*!40000 ALTER TABLE `eventseg_eventimage` ENABLE KEYS */;
UNLOCK TABLES;

--
-- Table structure for table `fileuploader_album`
--

DROP TABLE IF EXISTS `fileuploader_album`;
/*!40101 SET @saved_cs_client     = @@character_set_client */;
/*!40101 SET character_set_client = utf8 */;
CREATE TABLE `fileuploader_album` (
  `id` int(11) NOT NULL AUTO_INCREMENT,
  `user_id` int(11) NOT NULL,
  `start_at` datetime NOT NULL,
  `end_at` datetime NOT NULL,
  `capture_date` date NOT NULL,
  `annotation` tinyint(1) NOT NULL,
  `uploaded_at` datetime NOT NULL,
  PRIMARY KEY (`id`),
  KEY `fileuploader_album_6340c63c` (`user_id`),
  CONSTRAINT `user_id_refs_id_78a5cea7` FOREIGN KEY (`user_id`) REFERENCES `auth_user` (`id`)
) ENGINE=InnoDB AUTO_INCREMENT=5 DEFAULT CHARSET=latin1;
/*!40101 SET character_set_client = @saved_cs_client */;

--
-- Dumping data for table `fileuploader_album`
--

LOCK TABLES `fileuploader_album` WRITE;
/*!40000 ALTER TABLE `fileuploader_album` DISABLE KEYS */;
INSERT INTO `fileuploader_album` VALUES (1,1,'2014-02-19 10:48:56','2014-02-19 10:55:44','2014-02-19',1,'2014-03-07 12:08:31'),(2,1,'2014-02-13 10:38:04','2014-02-13 10:38:04','2014-02-13',0,'2014-03-07 12:09:32'),(3,1,'2014-02-16 14:46:04','2014-02-16 14:46:04','2014-02-16',0,'2014-03-07 14:34:01'),(4,1,'2014-02-08 11:52:54','2014-02-08 11:52:54','2014-02-08',0,'2014-03-07 15:48:48');
/*!40000 ALTER TABLE `fileuploader_album` ENABLE KEYS */;
UNLOCK TABLES;

--
-- Table structure for table `fileuploader_image`
--

DROP TABLE IF EXISTS `fileuploader_image`;
/*!40101 SET @saved_cs_client     = @@character_set_client */;
/*!40101 SET character_set_client = utf8 */;
CREATE TABLE `fileuploader_image` (
  `id` int(11) NOT NULL AUTO_INCREMENT,
  `user_id` int(11) NOT NULL,
  `album_id` int(11) NOT NULL,
  `file` varchar(100) NOT NULL,
  `year` varchar(4) NOT NULL,
  `month` varchar(2) NOT NULL,
  `day` varchar(2) NOT NULL,
  `capture_at` datetime NOT NULL,
  `uploaded_at` datetime NOT NULL,
  `updated_at` datetime NOT NULL,
  PRIMARY KEY (`id`),
  KEY `fileuploader_image_6340c63c` (`user_id`),
  KEY `fileuploader_image_6781e42a` (`album_id`),
  CONSTRAINT `album_id_refs_id_fe72f2fe` FOREIGN KEY (`album_id`) REFERENCES `fileuploader_album` (`id`),
  CONSTRAINT `user_id_refs_id_f2889ec5` FOREIGN KEY (`user_id`) REFERENCES `auth_user` (`id`)
) ENGINE=InnoDB AUTO_INCREMENT=893 DEFAULT CHARSET=latin1;
/*!40101 SET character_set_client = @saved_cs_client */;

--
-- Dumping data for table `fileuploader_image`
--

LOCK TABLES `fileuploader_image` WRITE;
/*!40000 ALTER TABLE `fileuploader_image` DISABLE KEYS */;
INSERT INTO `fileuploader_image` VALUES (1,1,1,'img/user_1/2014/2/19/B00001742_21I5I2_20140219_1048564_6.JPG','2014','2','19','2014-03-07 12:08:31','2014-03-07 12:08:31','2014-03-07 12:08:31'),(2,1,1,'img/user_1/2014/2/19/B00001706_21I5I2_20140219_1038484_4.JPG','2014','2','19','2014-03-07 12:08:31','2014-03-07 12:08:31','2014-03-07 12:08:31'),(3,1,1,'img/user_1/2014/2/19/B00001585_21I5I2_20140219_1004034_4.JPG','2014','2','19','2014-03-07 12:08:31','2014-03-07 12:08:31','2014-03-07 12:08:31'),(4,1,1,'img/user_1/2014/2/19/B00001629_21I5I2_20140219_1015014_4.JPG','2014','2','19','2014-03-07 12:08:31','2014-03-07 12:08:31','2014-03-07 12:08:31'),(5,1,1,'img/user_1/2014/2/19/B00001574_21I5I2_20140219_1000164_4.JPG','2014','2','19','2014-03-07 12:08:31','2014-03-07 12:08:31','2014-03-07 12:08:31'),(6,1,1,'img/user_1/2014/2/19/B00001709_21I5I2_20140219_1039334_4.JPG','2014','2','19','2014-03-07 12:08:31','2014-03-07 12:08:31','2014-03-07 12:08:31'),(7,1,1,'img/user_1/2014/2/19/B00001650_21I5I2_20140219_1021064_4.JPG','2014','2','19','2014-03-07 12:08:32','2014-03-07 12:08:32','2014-03-07 12:08:32'),(8,1,1,'img/user_1/2014/2/19/B00001716_21I5I2_20140219_1041274_4.JPG','2014','2','19','2014-03-07 12:08:32','2014-03-07 12:08:32','2014-03-07 12:08:32'),(9,1,1,'img/user_1/2014/2/19/B00001606_21I5I2_20140219_1009184_4.JPG','2014','2','19','2014-03-07 12:08:32','2014-03-07 12:08:32','2014-03-07 12:08:32'),(10,1,1,'img/user_1/2014/2/19/B00001770_21I5I2_20140219_1055564_4.JPG','2014','2','19','2014-03-07 12:08:32','2014-03-07 12:08:32','2014-03-07 12:08:32'),(11,1,1,'img/user_1/2014/2/19/B00001597_21I5I2_20140219_1006544_4.JPG','2014','2','19','2014-03-07 12:08:32','2014-03-07 12:08:32','2014-03-07 12:08:32'),(12,1,1,'img/user_1/2014/2/19/B00001725_21I5I2_20140219_1043424_4.JPG','2014','2','19','2014-03-07 12:08:32','2014-03-07 12:08:32','2014-03-07 12:08:32'),(13,1,1,'img/user_1/2014/2/19/B00001602_21I5I2_20140219_1008074_4.JPG','2014','2','19','2014-03-07 12:08:32','2014-03-07 12:08:32','2014-03-07 12:08:32'),(14,1,1,'img/user_1/2014/2/19/B00001619_21I5I2_20140219_1012314_4.JPG','2014','2','19','2014-03-07 12:08:32','2014-03-07 12:08:32','2014-03-07 12:08:32'),(15,1,1,'img/user_1/2014/2/19/B00001642_21I5I2_20140219_1018454_4.JPG','2014','2','19','2014-03-07 12:08:32','2014-03-07 12:08:32','2014-03-07 12:08:32'),(16,1,1,'img/user_1/2014/2/19/B00001671_21I5I2_20140219_1028184_4.JPG','2014','2','19','2014-03-07 12:08:32','2014-03-07 12:08:32','2014-03-07 12:08:32'),(17,1,1,'img/user_1/2014/2/19/B00001751_21I5I2_20140219_1051144_4.JPG','2014','2','19','2014-03-07 12:08:32','2014-03-07 12:08:32','2014-03-07 12:08:32'),(18,1,1,'img/user_1/2014/2/19/B00001618_21I5I2_20140219_1012124_4.JPG','2014','2','19','2014-03-07 12:08:32','2014-03-07 12:08:32','2014-03-07 12:08:32'),(19,1,1,'img/user_1/2014/2/19/B00001666_21I5I2_20140219_1026384_4.JPG','2014','2','19','2014-03-07 12:08:32','2014-03-07 12:08:32','2014-03-07 12:08:32'),(20,1,1,'img/user_1/2014/2/19/B00001698_21I5I2_20140219_1036284_4.JPG','2014','2','19','2014-03-07 12:08:32','2014-03-07 12:08:32','2014-03-07 12:08:32'),(21,1,1,'img/user_1/2014/2/19/B00001664_21I5I2_20140219_1025504_4.JPG','2014','2','19','2014-03-07 12:08:32','2014-03-07 12:08:32','2014-03-07 12:08:32'),(22,1,1,'img/user_1/2014/2/19/B00001728_21I5I2_20140219_1044214_4.JPG','2014','2','19','2014-03-07 12:08:32','2014-03-07 12:08:32','2014-03-07 12:08:32'),(23,1,1,'img/user_1/2014/2/19/B00001670_21I5I2_20140219_1027564_4.JPG','2014','2','19','2014-03-07 12:08:32','2014-03-07 12:08:32','2014-03-07 12:08:32'),(24,1,1,'img/user_1/2014/2/19/B00001764_21I5I2_20140219_1054224_4.JPG','2014','2','19','2014-03-07 12:08:32','2014-03-07 12:08:32','2014-03-07 12:08:32'),(25,1,1,'img/user_1/2014/2/19/B00001661_21I5I2_20140219_1024434_4.JPG','2014','2','19','2014-03-07 12:08:32','2014-03-07 12:08:32','2014-03-07 12:08:32'),(26,1,1,'img/user_1/2014/2/19/B00001601_21I5I2_20140219_1007534_4.JPG','2014','2','19','2014-03-07 12:08:32','2014-03-07 12:08:32','2014-03-07 12:08:32'),(27,1,1,'img/user_1/2014/2/19/B00001759_21I5I2_20140219_1053024_4.JPG','2014','2','19','2014-03-07 12:08:32','2014-03-07 12:08:32','2014-03-07 12:08:32'),(28,1,1,'img/user_1/2014/2/19/B00001575_21I5I2_20140219_1000414_4.JPG','2014','2','19','2014-03-07 12:08:32','2014-03-07 12:08:32','2014-03-07 12:08:32'),(29,1,1,'img/user_1/2014/2/19/B00001675_21I5I2_20140219_1029474_4.JPG','2014','2','19','2014-03-07 12:08:32','2014-03-07 12:08:32','2014-03-07 12:08:32'),(30,1,1,'img/user_1/2014/2/19/B00001667_21I5I2_20140219_1026504_4.JPG','2014','2','19','2014-03-07 12:08:32','2014-03-07 12:08:32','2014-03-07 12:08:32'),(31,1,1,'img/user_1/2014/2/19/B00001632_21I5I2_20140219_1015574_4.JPG','2014','2','19','2014-03-07 12:08:32','2014-03-07 12:08:32','2014-03-07 12:08:32'),(32,1,1,'img/user_1/2014/2/19/B00001687_21I5I2_20140219_1033504_4.JPG','2014','2','19','2014-03-07 12:08:32','2014-03-07 12:08:32','2014-03-07 12:08:32'),(33,1,1,'img/user_1/2014/2/19/B00001613_21I5I2_20140219_1011074_4.JPG','2014','2','19','2014-03-07 12:08:32','2014-03-07 12:08:32','2014-03-07 12:08:32'),(34,1,1,'img/user_1/2014/2/19/B00001584_21I5I2_20140219_1003454_4.JPG','2014','2','19','2014-03-07 12:08:32','2014-03-07 12:08:32','2014-03-07 12:08:32'),(35,1,1,'img/user_1/2014/2/19/B00001775_21I5I2_20140219_1057084_4.JPG','2014','2','19','2014-03-07 12:08:32','2014-03-07 12:08:32','2014-03-07 12:08:32'),(36,1,1,'img/user_1/2014/2/19/B00001772_21I5I2_20140219_1056204_4.JPG','2014','2','19','2014-03-07 12:08:32','2014-03-07 12:08:32','2014-03-07 12:08:32'),(37,1,1,'img/user_1/2014/2/19/B00001662_21I5I2_20140219_1025064_4.JPG','2014','2','19','2014-03-07 12:08:32','2014-03-07 12:08:32','2014-03-07 12:08:32'),(38,1,1,'img/user_1/2014/2/19/B00001577_21I5I2_20140219_1001154_4.JPG','2014','2','19','2014-03-07 12:08:32','2014-03-07 12:08:32','2014-03-07 12:08:32'),(39,1,1,'img/user_1/2014/2/19/B00001736_21I5I2_20140219_1046474_4.JPG','2014','2','19','2014-03-07 12:08:32','2014-03-07 12:08:32','2014-03-07 12:08:32'),(40,1,1,'img/user_1/2014/2/19/B00001780_21I5I2_20140219_1058454_4.JPG','2014','2','19','2014-03-07 12:08:32','2014-03-07 12:08:32','2014-03-07 12:08:32'),(41,1,1,'img/user_1/2014/2/19/B00001669_21I5I2_20140219_1027344_4.JPG','2014','2','19','2014-03-07 12:08:33','2014-03-07 12:08:33','2014-03-07 12:08:33'),(42,1,1,'img/user_1/2014/2/19/B00001660_21I5I2_20140219_1024214_4.JPG','2014','2','19','2014-03-07 12:08:33','2014-03-07 12:08:33','2014-03-07 12:08:33'),(43,1,1,'img/user_1/2014/2/19/B00001582_21I5I2_20140219_1002594_4.JPG','2014','2','19','2014-03-07 12:08:33','2014-03-07 12:08:33','2014-03-07 12:08:33'),(44,1,1,'img/user_1/2014/2/19/B00001637_21I5I2_20140219_1017174_4.JPG','2014','2','19','2014-03-07 12:08:33','2014-03-07 12:08:33','2014-03-07 12:08:33'),(45,1,1,'img/user_1/2014/2/19/B00001741_21I5I2_20140219_1048324_4.JPG','2014','2','19','2014-03-07 12:08:33','2014-03-07 12:08:33','2014-03-07 12:08:33'),(46,1,1,'img/user_1/2014/2/19/B00001726_21I5I2_20140219_1043574_4.JPG','2014','2','19','2014-03-07 12:08:33','2014-03-07 12:08:33','2014-03-07 12:08:33'),(47,1,1,'img/user_1/2014/2/19/B00001611_21I5I2_20140219_1010384_4.JPG','2014','2','19','2014-03-07 12:08:33','2014-03-07 12:08:33','2014-03-07 12:08:33'),(48,1,1,'img/user_1/2014/2/19/B00001634_21I5I2_20140219_1016314_4.JPG','2014','2','19','2014-03-07 12:08:33','2014-03-07 12:08:33','2014-03-07 12:08:33'),(49,1,1,'img/user_1/2014/2/19/B00001654_21I5I2_20140219_1022064_4.JPG','2014','2','19','2014-03-07 12:08:33','2014-03-07 12:08:33','2014-03-07 12:08:33'),(50,1,1,'img/user_1/2014/2/19/B00001663_21I5I2_20140219_1025284_4.JPG','2014','2','19','2014-03-07 12:08:33','2014-03-07 12:08:33','2014-03-07 12:08:33'),(51,1,1,'img/user_1/2014/2/19/B00001715_21I5I2_20140219_1041154_4.JPG','2014','2','19','2014-03-07 12:08:33','2014-03-07 12:08:33','2014-03-07 12:08:33'),(52,1,1,'img/user_1/2014/2/19/B00001605_21I5I2_20140219_1008574_4.JPG','2014','2','19','2014-03-07 12:08:33','2014-03-07 12:08:33','2014-03-07 12:08:33'),(53,1,1,'img/user_1/2014/2/19/B00001693_21I5I2_20140219_1035144_4.JPG','2014','2','19','2014-03-07 12:08:33','2014-03-07 12:08:33','2014-03-07 12:08:33'),(54,1,1,'img/user_1/2014/2/19/B00001651_21I5I2_20140219_1021294_4.JPG','2014','2','19','2014-03-07 12:08:33','2014-03-07 12:08:33','2014-03-07 12:08:33'),(55,1,1,'img/user_1/2014/2/19/B00001711_21I5I2_20140219_1039584_4.JPG','2014','2','19','2014-03-07 12:08:33','2014-03-07 12:08:33','2014-03-07 12:08:33'),(56,1,1,'img/user_1/2014/2/19/B00001607_21I5I2_20140219_1009404_4.JPG','2014','2','19','2014-03-07 12:08:33','2014-03-07 12:08:33','2014-03-07 12:08:33'),(57,1,1,'img/user_1/2014/2/19/B00001699_21I5I2_20140219_1036504_4.JPG','2014','2','19','2014-03-07 12:08:33','2014-03-07 12:08:33','2014-03-07 12:08:33'),(58,1,1,'img/user_1/2014/2/19/B00001596_21I5I2_20140219_1006424_4.JPG','2014','2','19','2014-03-07 12:08:33','2014-03-07 12:08:33','2014-03-07 12:08:33'),(59,1,1,'img/user_1/2014/2/19/B00001750_21I5I2_20140219_1051024_4.JPG','2014','2','19','2014-03-07 12:08:33','2014-03-07 12:08:33','2014-03-07 12:08:33'),(60,1,1,'img/user_1/2014/2/19/B00001692_21I5I2_20140219_1034574_4.JPG','2014','2','19','2014-03-07 12:08:33','2014-03-07 12:08:33','2014-03-07 12:08:33'),(61,1,1,'img/user_1/2014/2/19/B00001694_21I5I2_20140219_1035284_4.JPG','2014','2','19','2014-03-07 12:08:33','2014-03-07 12:08:33','2014-03-07 12:08:33'),(62,1,1,'img/user_1/2014/2/19/B00001640_21I5I2_20140219_1018084_4.JPG','2014','2','19','2014-03-07 12:08:33','2014-03-07 12:08:33','2014-03-07 12:08:33'),(63,1,1,'img/user_1/2014/2/19/B00001630_21I5I2_20140219_1015244_4.JPG','2014','2','19','2014-03-07 12:08:33','2014-03-07 12:08:33','2014-03-07 12:08:33'),(64,1,1,'img/user_1/2014/2/19/B00001714_21I5I2_20140219_1040504_4.JPG','2014','2','19','2014-03-07 12:08:33','2014-03-07 12:08:33','2014-03-07 12:08:33'),(65,1,1,'img/user_1/2014/2/19/B00001659_21I5I2_20140219_1023594_4.JPG','2014','2','19','2014-03-07 12:08:33','2014-03-07 12:08:33','2014-03-07 12:08:33'),(66,1,1,'img/user_1/2014/2/19/B00001649_21I5I2_20140219_1020554_4.JPG','2014','2','19','2014-03-07 12:08:33','2014-03-07 12:08:33','2014-03-07 12:08:33'),(67,1,1,'img/user_1/2014/2/19/B00001732_21I5I2_20140219_1045404_4.JPG','2014','2','19','2014-03-07 12:08:33','2014-03-07 12:08:33','2014-03-07 12:08:33'),(68,1,1,'img/user_1/2014/2/19/B00001578_21I5I2_20140219_1001304_4.JPG','2014','2','19','2014-03-07 12:08:33','2014-03-07 12:08:33','2014-03-07 12:08:33'),(69,1,1,'img/user_1/2014/2/19/B00001683_21I5I2_20140219_1032424_4.JPG','2014','2','19','2014-03-07 12:08:33','2014-03-07 12:08:33','2014-03-07 12:08:33'),(70,1,1,'img/user_1/2014/2/19/B00001673_21I5I2_20140219_1029024_4.JPG','2014','2','19','2014-03-07 12:08:33','2014-03-07 12:08:33','2014-03-07 12:08:33'),(71,1,1,'img/user_1/2014/2/19/B00001583_21I5I2_20140219_1003214_4.JPG','2014','2','19','2014-03-07 12:08:34','2014-03-07 12:08:34','2014-03-07 12:08:34'),(72,1,1,'img/user_1/2014/2/19/B00001719_21I5I2_20140219_1042084_4.JPG','2014','2','19','2014-03-07 12:08:34','2014-03-07 12:08:34','2014-03-07 12:08:34'),(73,1,1,'img/user_1/2014/2/19/B00001757_21I5I2_20140219_1052354_4.JPG','2014','2','19','2014-03-07 12:08:34','2014-03-07 12:08:34','2014-03-07 12:08:34'),(74,1,1,'img/user_1/2014/2/19/B00001655_21I5I2_20140219_1022314_4.JPG','2014','2','19','2014-03-07 12:08:34','2014-03-07 12:08:34','2014-03-07 12:08:34'),(75,1,1,'img/user_1/2014/2/19/B00001610_21I5I2_20140219_1010234_4.JPG','2014','2','19','2014-03-07 12:08:34','2014-03-07 12:08:34','2014-03-07 12:08:34'),(76,1,1,'img/user_1/2014/2/19/B00001672_21I5I2_20140219_1028404_4.JPG','2014','2','19','2014-03-07 12:08:34','2014-03-07 12:08:34','2014-03-07 12:08:34'),(77,1,1,'img/user_1/2014/2/19/B00001623_21I5I2_20140219_1013274_4.JPG','2014','2','19','2014-03-07 12:08:34','2014-03-07 12:08:34','2014-03-07 12:08:34'),(78,1,1,'img/user_1/2014/2/19/B00001783_21I5I2_20140219_1059464_4.JPG','2014','2','19','2014-03-07 12:08:34','2014-03-07 12:08:34','2014-03-07 12:08:34'),(79,1,1,'img/user_1/2014/2/19/B00001645_21I5I2_20140219_1019334_4.JPG','2014','2','19','2014-03-07 12:08:34','2014-03-07 12:08:34','2014-03-07 12:08:34'),(80,1,1,'img/user_1/2014/2/19/B00001628_21I5I2_20140219_1014494_4.JPG','2014','2','19','2014-03-07 12:08:34','2014-03-07 12:08:34','2014-03-07 12:08:34'),(81,1,1,'img/user_1/2014/2/19/B00001631_21I5I2_20140219_1015354_4.JPG','2014','2','19','2014-03-07 12:08:34','2014-03-07 12:08:34','2014-03-07 12:08:34'),(82,1,1,'img/user_1/2014/2/19/B00001720_21I5I2_20140219_1042194_4.JPG','2014','2','19','2014-03-07 12:08:34','2014-03-07 12:08:34','2014-03-07 12:08:34'),(83,1,1,'img/user_1/2014/2/19/B00001739_21I5I2_20140219_1047484_4.JPG','2014','2','19','2014-03-07 12:08:34','2014-03-07 12:08:34','2014-03-07 12:08:34'),(84,1,1,'img/user_1/2014/2/19/B00001754_21I5I2_20140219_1051514_4.JPG','2014','2','19','2014-03-07 12:08:34','2014-03-07 12:08:34','2014-03-07 12:08:34'),(85,1,1,'img/user_1/2014/2/19/B00001731_21I5I2_20140219_1045254_4.JPG','2014','2','19','2014-03-07 12:08:34','2014-03-07 12:08:34','2014-03-07 12:08:34'),(86,1,1,'img/user_1/2014/2/19/B00001592_21I5I2_20140219_1005394_4.JPG','2014','2','19','2014-03-07 12:08:34','2014-03-07 12:08:34','2014-03-07 12:08:34'),(87,1,1,'img/user_1/2014/2/19/B00001717_21I5I2_20140219_1041444_4.JPG','2014','2','19','2014-03-07 12:08:34','2014-03-07 12:08:34','2014-03-07 12:08:34'),(88,1,1,'img/user_1/2014/2/19/B00001733_21I5I2_20140219_1045514_4.JPG','2014','2','19','2014-03-07 12:08:34','2014-03-07 12:08:34','2014-03-07 12:08:34'),(89,1,1,'img/user_1/2014/2/19/B00001752_21I5I2_20140219_1051284_4.JPG','2014','2','19','2014-03-07 12:08:34','2014-03-07 12:08:34','2014-03-07 12:08:34'),(90,1,1,'img/user_1/2014/2/19/B00001701_21I5I2_20140219_1037244_4.JPG','2014','2','19','2014-03-07 12:08:34','2014-03-07 12:08:34','2014-03-07 12:08:34'),(91,1,1,'img/user_1/2014/2/19/B00001777_21I5I2_20140219_1057354_4.JPG','2014','2','19','2014-03-07 12:08:34','2014-03-07 12:08:34','2014-03-07 12:08:34'),(92,1,1,'img/user_1/2014/2/19/B00001609_21I5I2_20140219_1010074_4.JPG','2014','2','19','2014-03-07 12:08:34','2014-03-07 12:08:34','2014-03-07 12:08:34'),(93,1,1,'img/user_1/2014/2/19/B00001744_21I5I2_20140219_1049204_4.JPG','2014','2','19','2014-03-07 12:08:34','2014-03-07 12:08:34','2014-03-07 12:08:34'),(94,1,1,'img/user_1/2014/2/19/B00001674_21I5I2_20140219_1029244_4.JPG','2014','2','19','2014-03-07 12:08:34','2014-03-07 12:08:34','2014-03-07 12:08:34'),(95,1,1,'img/user_1/2014/2/19/B00001646_21I5I2_20140219_1019584_4.JPG','2014','2','19','2014-03-07 12:08:34','2014-03-07 12:08:34','2014-03-07 12:08:34'),(96,1,1,'img/user_1/2014/2/19/B00001755_21I5I2_20140219_1052024_4.JPG','2014','2','19','2014-03-07 12:08:34','2014-03-07 12:08:34','2014-03-07 12:08:34'),(97,1,1,'img/user_1/2014/2/19/B00001657_21I5I2_20140219_1023154_4.JPG','2014','2','19','2014-03-07 12:08:34','2014-03-07 12:08:34','2014-03-07 12:08:34'),(98,1,1,'img/user_1/2014/2/19/B00001590_21I5I2_20140219_1005074_4.JPG','2014','2','19','2014-03-07 12:08:34','2014-03-07 12:08:34','2014-03-07 12:08:34'),(99,1,1,'img/user_1/2014/2/19/B00001615_21I5I2_20140219_1011384_4.JPG','2014','2','19','2014-03-07 12:08:34','2014-03-07 12:08:34','2014-03-07 12:08:34'),(100,1,1,'img/user_1/2014/2/19/B00001580_21I5I2_20140219_1002134_4.JPG','2014','2','19','2014-03-07 12:08:34','2014-03-07 12:08:34','2014-03-07 12:08:34'),(101,1,1,'img/user_1/2014/2/19/B00001766_21I5I2_20140219_1055074_4.JPG','2014','2','19','2014-03-07 12:08:34','2014-03-07 12:08:34','2014-03-07 12:08:34'),(102,1,1,'img/user_1/2014/2/19/B00001624_21I5I2_20140219_1013494_4.JPG','2014','2','19','2014-03-07 12:08:35','2014-03-07 12:08:35','2014-03-07 12:08:35'),(103,1,1,'img/user_1/2014/2/19/B00001773_21I5I2_20140219_1056334_4.JPG','2014','2','19','2014-03-07 12:08:35','2014-03-07 12:08:35','2014-03-07 12:08:35'),(104,1,1,'img/user_1/2014/2/19/B00001587_21I5I2_20140219_1004294_4.JPG','2014','2','19','2014-03-07 12:08:35','2014-03-07 12:08:35','2014-03-07 12:08:35'),(105,1,1,'img/user_1/2014/2/19/B00001723_21I5I2_20140219_1043074_4.JPG','2014','2','19','2014-03-07 12:08:35','2014-03-07 12:08:35','2014-03-07 12:08:35'),(106,1,1,'img/user_1/2014/2/19/B00001622_21I5I2_20140219_1013164_4.JPG','2014','2','19','2014-03-07 12:08:35','2014-03-07 12:08:35','2014-03-07 12:08:35'),(107,1,1,'img/user_1/2014/2/19/B00001665_21I5I2_20140219_1026154_4.JPG','2014','2','19','2014-03-07 12:08:35','2014-03-07 12:08:35','2014-03-07 12:08:35'),(108,1,1,'img/user_1/2014/2/19/B00001727_21I5I2_20140219_1044094_4.JPG','2014','2','19','2014-03-07 12:08:35','2014-03-07 12:08:35','2014-03-07 12:08:35'),(109,1,1,'img/user_1/2014/2/19/B00001724_21I5I2_20140219_1043304_4.JPG','2014','2','19','2014-03-07 12:08:35','2014-03-07 12:08:35','2014-03-07 12:08:35'),(110,1,1,'img/user_1/2014/2/19/B00001721_21I5I2_20140219_1042324_4.JPG','2014','2','19','2014-03-07 12:08:35','2014-03-07 12:08:35','2014-03-07 12:08:35'),(111,1,1,'img/user_1/2014/2/19/B00001617_21I5I2_20140219_1012014_4.JPG','2014','2','19','2014-03-07 12:08:35','2014-03-07 12:08:35','2014-03-07 12:08:35'),(112,1,1,'img/user_1/2014/2/19/B00001620_21I5I2_20140219_1012534_4.JPG','2014','2','19','2014-03-07 12:08:35','2014-03-07 12:08:35','2014-03-07 12:08:35'),(113,1,1,'img/user_1/2014/2/19/B00001604_21I5I2_20140219_1008324_4.JPG','2014','2','19','2014-03-07 12:08:35','2014-03-07 12:08:35','2014-03-07 12:08:35'),(114,1,1,'img/user_1/2014/2/19/B00001594_21I5I2_20140219_1006154_4.JPG','2014','2','19','2014-03-07 12:08:35','2014-03-07 12:08:35','2014-03-07 12:08:35'),(115,1,1,'img/user_1/2014/2/19/B00001689_21I5I2_20140219_1034124_4.JPG','2014','2','19','2014-03-07 12:08:35','2014-03-07 12:08:35','2014-03-07 12:08:35'),(116,1,1,'img/user_1/2014/2/19/B00001636_21I5I2_20140219_1016554_4.JPG','2014','2','19','2014-03-07 12:08:35','2014-03-07 12:08:35','2014-03-07 12:08:35'),(117,1,1,'img/user_1/2014/2/19/B00001708_21I5I2_20140219_1039114_4.JPG','2014','2','19','2014-03-07 12:08:35','2014-03-07 12:08:35','2014-03-07 12:08:35'),(118,1,1,'img/user_1/2014/2/19/B00001635_21I5I2_20140219_1016434_4.JPG','2014','2','19','2014-03-07 12:08:35','2014-03-07 12:08:35','2014-03-07 12:08:35'),(119,1,1,'img/user_1/2014/2/19/B00001656_21I5I2_20140219_1022534_4.JPG','2014','2','19','2014-03-07 12:08:35','2014-03-07 12:08:35','2014-03-07 12:08:35'),(120,1,1,'img/user_1/2014/2/19/B00001668_21I5I2_20140219_1027124_4.JPG','2014','2','19','2014-03-07 12:08:35','2014-03-07 12:08:35','2014-03-07 12:08:35'),(121,1,1,'img/user_1/2014/2/19/B00001603_21I5I2_20140219_1008214_4.JPG','2014','2','19','2014-03-07 12:08:35','2014-03-07 12:08:35','2014-03-07 12:08:35'),(122,1,1,'img/user_1/2014/2/19/B00001696_21I5I2_20140219_1035524_4.JPG','2014','2','19','2014-03-07 12:08:35','2014-03-07 12:08:35','2014-03-07 12:08:35'),(123,1,1,'img/user_1/2014/2/19/B00001579_21I5I2_20140219_1001514_4.JPG','2014','2','19','2014-03-07 12:08:35','2014-03-07 12:08:35','2014-03-07 12:08:35'),(124,1,1,'img/user_1/2014/2/19/B00001762_21I5I2_20140219_1053454_4.JPG','2014','2','19','2014-03-07 12:08:35','2014-03-07 12:08:35','2014-03-07 12:08:35'),(125,1,1,'img/user_1/2014/2/19/B00001588_21I5I2_20140219_1004424_4.JPG','2014','2','19','2014-03-07 12:08:35','2014-03-07 12:08:35','2014-03-07 12:08:35'),(126,1,1,'img/user_1/2014/2/19/B00001600_21I5I2_20140219_1007424_4.JPG','2014','2','19','2014-03-07 12:08:35','2014-03-07 12:08:35','2014-03-07 12:08:35'),(127,1,1,'img/user_1/2014/2/19/B00001735_21I5I2_20140219_1046264_4.JPG','2014','2','19','2014-03-07 12:08:35','2014-03-07 12:08:35','2014-03-07 12:08:35'),(128,1,1,'img/user_1/2014/2/19/B00001586_21I5I2_20140219_1004184_4.JPG','2014','2','19','2014-03-07 12:08:35','2014-03-07 12:08:35','2014-03-07 12:08:35'),(129,1,1,'img/user_1/2014/2/19/B00001760_21I5I2_20140219_1053174_4.JPG','2014','2','19','2014-03-07 12:08:35','2014-03-07 12:08:35','2014-03-07 12:08:35'),(130,1,1,'img/user_1/2014/2/19/B00001704_21I5I2_20140219_1038104_4.JPG','2014','2','19','2014-03-07 12:08:35','2014-03-07 12:08:35','2014-03-07 12:08:35'),(131,1,1,'img/user_1/2014/2/19/B00001740_21I5I2_20140219_1048094_4.JPG','2014','2','19','2014-03-07 12:08:35','2014-03-07 12:08:35','2014-03-07 12:08:35'),(132,1,1,'img/user_1/2014/2/19/B00001581_21I5I2_20140219_1002354_4.JPG','2014','2','19','2014-03-07 12:08:35','2014-03-07 12:08:35','2014-03-07 12:08:35'),(133,1,1,'img/user_1/2014/2/19/B00001747_21I5I2_20140219_1050144_4.JPG','2014','2','19','2014-03-07 12:08:35','2014-03-07 12:08:35','2014-03-07 12:08:35'),(134,1,1,'img/user_1/2014/2/19/B00001612_21I5I2_20140219_1010504_4.JPG','2014','2','19','2014-03-07 12:08:35','2014-03-07 12:08:35','2014-03-07 12:08:35'),(135,1,1,'img/user_1/2014/2/19/B00001644_21I5I2_20140219_1019214_4.JPG','2014','2','19','2014-03-07 12:08:36','2014-03-07 12:08:36','2014-03-07 12:08:36'),(136,1,1,'img/user_1/2014/2/19/B00001599_21I5I2_20140219_1007204_4.JPG','2014','2','19','2014-03-07 12:08:36','2014-03-07 12:08:36','2014-03-07 12:08:36'),(137,1,1,'img/user_1/2014/2/19/B00001712_21I5I2_20140219_1040154_4.JPG','2014','2','19','2014-03-07 12:08:36','2014-03-07 12:08:36','2014-03-07 12:08:36'),(138,1,1,'img/user_1/2014/2/19/B00001621_21I5I2_20140219_1013054_4.JPG','2014','2','19','2014-03-07 12:08:36','2014-03-07 12:08:36','2014-03-07 12:08:36'),(139,1,1,'img/user_1/2014/2/19/B00001593_21I5I2_20140219_1006014_4.JPG','2014','2','19','2014-03-07 12:08:36','2014-03-07 12:08:36','2014-03-07 12:08:36'),(140,1,1,'img/user_1/2014/2/19/B00001682_21I5I2_20140219_1032204_4.JPG','2014','2','19','2014-03-07 12:08:36','2014-03-07 12:08:36','2014-03-07 12:08:36'),(141,1,1,'img/user_1/2014/2/19/B00001643_21I5I2_20140219_1018594_4.JPG','2014','2','19','2014-03-07 12:08:36','2014-03-07 12:08:36','2014-03-07 12:08:36'),(142,1,1,'img/user_1/2014/2/19/B00001576_21I5I2_20140219_1001024_4.JPG','2014','2','19','2014-03-07 12:08:36','2014-03-07 12:08:36','2014-03-07 12:08:36'),(143,1,1,'img/user_1/2014/2/19/B00001748_21I5I2_20140219_1050284_4.JPG','2014','2','19','2014-03-07 12:08:36','2014-03-07 12:08:36','2014-03-07 12:08:36'),(144,1,1,'img/user_1/2014/2/19/B00001700_21I5I2_20140219_1037134_4.JPG','2014','2','19','2014-03-07 12:08:36','2014-03-07 12:08:36','2014-03-07 12:08:36'),(145,1,1,'img/user_1/2014/2/19/B00001710_21I5I2_20140219_1039444_4.JPG','2014','2','19','2014-03-07 12:08:36','2014-03-07 12:08:36','2014-03-07 12:08:36'),(146,1,1,'img/user_1/2014/2/19/B00001680_21I5I2_20140219_1031344_4.JPG','2014','2','19','2014-03-07 12:08:36','2014-03-07 12:08:36','2014-03-07 12:08:36'),(147,1,1,'img/user_1/2014/2/19/B00001768_21I5I2_20140219_1055324_4.JPG','2014','2','19','2014-03-07 12:08:36','2014-03-07 12:08:36','2014-03-07 12:08:36'),(148,1,1,'img/user_1/2014/2/19/B00001702_21I5I2_20140219_1037364_4.JPG','2014','2','19','2014-03-07 12:08:36','2014-03-07 12:08:36','2014-03-07 12:08:36'),(149,1,1,'img/user_1/2014/2/19/B00001653_21I5I2_20140219_1021554_4.JPG','2014','2','19','2014-03-07 12:08:36','2014-03-07 12:08:36','2014-03-07 12:08:36'),(150,1,1,'img/user_1/2014/2/19/B00001697_21I5I2_20140219_1036154_4.JPG','2014','2','19','2014-03-07 12:08:36','2014-03-07 12:08:36','2014-03-07 12:08:36'),(151,1,1,'img/user_1/2014/2/19/B00001678_21I5I2_20140219_1030514_4.JPG','2014','2','19','2014-03-07 12:08:36','2014-03-07 12:08:36','2014-03-07 12:08:36'),(152,1,1,'img/user_1/2014/2/19/B00001743_21I5I2_20140219_1049084_4.JPG','2014','2','19','2014-03-07 12:08:36','2014-03-07 12:08:36','2014-03-07 12:08:36'),(153,1,1,'img/user_1/2014/2/19/B00001737_21I5I2_20140219_1047054_4.JPG','2014','2','19','2014-03-07 12:08:36','2014-03-07 12:08:36','2014-03-07 12:08:36'),(154,1,1,'img/user_1/2014/2/19/B00001688_21I5I2_20140219_1034014_4.JPG','2014','2','19','2014-03-07 12:08:36','2014-03-07 12:08:36','2014-03-07 12:08:36'),(155,1,1,'img/user_1/2014/2/19/B00001763_21I5I2_20140219_1053574_4.JPG','2014','2','19','2014-03-07 12:08:36','2014-03-07 12:08:36','2014-03-07 12:08:36'),(156,1,1,'img/user_1/2014/2/19/B00001652_21I5I2_20140219_1021414_4.JPG','2014','2','19','2014-03-07 12:08:36','2014-03-07 12:08:36','2014-03-07 12:08:36'),(157,1,1,'img/user_1/2014/2/19/B00001638_21I5I2_20140219_1017284_4.JPG','2014','2','19','2014-03-07 12:08:36','2014-03-07 12:08:36','2014-03-07 12:08:36'),(158,1,1,'img/user_1/2014/2/19/B00001641_21I5I2_20140219_1018234_4.JPG','2014','2','19','2014-03-07 12:08:36','2014-03-07 12:08:36','2014-03-07 12:08:36'),(159,1,1,'img/user_1/2014/2/19/B00001729_21I5I2_20140219_1044434_4.JPG','2014','2','19','2014-03-07 12:08:36','2014-03-07 12:08:36','2014-03-07 12:08:36'),(160,1,1,'img/user_1/2014/2/19/B00001647_21I5I2_20140219_1020204_4.JPG','2014','2','19','2014-03-07 12:08:36','2014-03-07 12:08:36','2014-03-07 12:08:36'),(161,1,1,'img/user_1/2014/2/19/B00001703_21I5I2_20140219_1037484_4.JPG','2014','2','19','2014-03-07 12:08:36','2014-03-07 12:08:36','2014-03-07 12:08:36'),(162,1,1,'img/user_1/2014/2/19/B00001690_21I5I2_20140219_1034244_4.JPG','2014','2','19','2014-03-07 12:08:36','2014-03-07 12:08:36','2014-03-07 12:08:36'),(163,1,1,'img/user_1/2014/2/19/B00001695_21I5I2_20140219_1035414_4.JPG','2014','2','19','2014-03-07 12:08:36','2014-03-07 12:08:36','2014-03-07 12:08:36'),(164,1,1,'img/user_1/2014/2/19/B00001658_21I5I2_20140219_1023374_4.JPG','2014','2','19','2014-03-07 12:08:36','2014-03-07 12:08:36','2014-03-07 12:08:36'),(165,1,1,'img/user_1/2014/2/19/B00001591_21I5I2_20140219_1005284_4.JPG','2014','2','19','2014-03-07 12:08:36','2014-03-07 12:08:36','2014-03-07 12:08:36'),(166,1,1,'img/user_1/2014/2/19/B00001589_21I5I2_20140219_1004564_4.JPG','2014','2','19','2014-03-07 12:08:36','2014-03-07 12:08:36','2014-03-07 12:08:36'),(167,1,1,'img/user_1/2014/2/19/B00001761_21I5I2_20140219_1053324_4.JPG','2014','2','19','2014-03-07 12:08:37','2014-03-07 12:08:37','2014-03-07 12:08:37'),(168,1,1,'img/user_1/2014/2/19/B00001765_21I5I2_20140219_1054454_4.JPG','2014','2','19','2014-03-07 12:08:37','2014-03-07 12:08:37','2014-03-07 12:08:37'),(169,1,1,'img/user_1/2014/2/19/B00001707_21I5I2_20140219_1038594_4.JPG','2014','2','19','2014-03-07 12:08:37','2014-03-07 12:08:37','2014-03-07 12:08:37'),(170,1,1,'img/user_1/2014/2/19/B00001685_21I5I2_20140219_1033244_4.JPG','2014','2','19','2014-03-07 12:08:37','2014-03-07 12:08:37','2014-03-07 12:08:37'),(171,1,1,'img/user_1/2014/2/19/B00001756_21I5I2_20140219_1052144_4.JPG','2014','2','19','2014-03-07 12:08:37','2014-03-07 12:08:37','2014-03-07 12:08:37'),(172,1,1,'img/user_1/2014/2/19/B00001608_21I5I2_20140219_1009554_4.JPG','2014','2','19','2014-03-07 12:08:37','2014-03-07 12:08:37','2014-03-07 12:08:37'),(173,1,1,'img/user_1/2014/2/19/B00001782_21I5I2_20140219_1059334_4.JPG','2014','2','19','2014-03-07 12:08:37','2014-03-07 12:08:37','2014-03-07 12:08:37'),(174,1,1,'img/user_1/2014/2/19/B00001626_21I5I2_20140219_1014214_4.JPG','2014','2','19','2014-03-07 12:08:37','2014-03-07 12:08:37','2014-03-07 12:08:37'),(175,1,1,'img/user_1/2014/2/19/B00001691_21I5I2_20140219_1034454_4.JPG','2014','2','19','2014-03-07 12:08:37','2014-03-07 12:08:37','2014-03-07 12:08:37'),(176,1,1,'img/user_1/2014/2/19/B00001684_21I5I2_20140219_1033034_4.JPG','2014','2','19','2014-03-07 12:08:37','2014-03-07 12:08:37','2014-03-07 12:08:37'),(177,1,1,'img/user_1/2014/2/19/B00001781_21I5I2_20140219_1059074_4.JPG','2014','2','19','2014-03-07 12:08:37','2014-03-07 12:08:37','2014-03-07 12:08:37'),(178,1,1,'img/user_1/2014/2/19/B00001627_21I5I2_20140219_1014374_4.JPG','2014','2','19','2014-03-07 12:08:37','2014-03-07 12:08:37','2014-03-07 12:08:37'),(179,1,1,'img/user_1/2014/2/19/B00001734_21I5I2_20140219_1046034_4.JPG','2014','2','19','2014-03-07 12:08:37','2014-03-07 12:08:37','2014-03-07 12:08:37'),(180,1,1,'img/user_1/2014/2/19/B00001738_21I5I2_20140219_1047274_4.JPG','2014','2','19','2014-03-07 12:08:37','2014-03-07 12:08:37','2014-03-07 12:08:37'),(181,1,1,'img/user_1/2014/2/19/B00001774_21I5I2_20140219_1056484_4.JPG','2014','2','19','2014-03-07 12:08:37','2014-03-07 12:08:37','2014-03-07 12:08:37'),(182,1,1,'img/user_1/2014/2/19/B00001713_21I5I2_20140219_1040374_4.JPG','2014','2','19','2014-03-07 12:08:37','2014-03-07 12:08:37','2014-03-07 12:08:37'),(183,1,1,'img/user_1/2014/2/19/B00001749_21I5I2_20140219_1050404_4.JPG','2014','2','19','2014-03-07 12:08:38','2014-03-07 12:08:38','2014-03-07 12:08:38'),(184,1,1,'img/user_1/2014/2/19/B00001614_21I5I2_20140219_1011224_4.JPG','2014','2','19','2014-03-07 12:08:38','2014-03-07 12:08:38','2014-03-07 12:08:38'),(185,1,1,'img/user_1/2014/2/19/B00001745_21I5I2_20140219_1049424_4.JPG','2014','2','19','2014-03-07 12:08:38','2014-03-07 12:08:38','2014-03-07 12:08:38'),(186,1,1,'img/user_1/2014/2/19/B00001705_21I5I2_20140219_1038314_4.JPG','2014','2','19','2014-03-07 12:08:38','2014-03-07 12:08:38','2014-03-07 12:08:38'),(187,1,1,'img/user_1/2014/2/19/B00001722_21I5I2_20140219_1042544_4.JPG','2014','2','19','2014-03-07 12:08:38','2014-03-07 12:08:38','2014-03-07 12:08:38'),(188,1,1,'img/user_1/2014/2/19/B00001753_21I5I2_20140219_1051394_4.JPG','2014','2','19','2014-03-07 12:08:38','2014-03-07 12:08:38','2014-03-07 12:08:38'),(189,1,1,'img/user_1/2014/2/19/B00001679_21I5I2_20140219_1031134_4.JPG','2014','2','19','2014-03-07 12:08:38','2014-03-07 12:08:38','2014-03-07 12:08:38'),(190,1,1,'img/user_1/2014/2/19/B00001778_21I5I2_20140219_1058004_4.JPG','2014','2','19','2014-03-07 12:08:38','2014-03-07 12:08:38','2014-03-07 12:08:38'),(191,1,1,'img/user_1/2014/2/19/B00001730_21I5I2_20140219_1045024_4.JPG','2014','2','19','2014-03-07 12:08:38','2014-03-07 12:08:38','2014-03-07 12:08:38'),(192,1,1,'img/user_1/2014/2/19/B00001686_21I5I2_20140219_1033384_4.JPG','2014','2','19','2014-03-07 12:08:38','2014-03-07 12:08:38','2014-03-07 12:08:38'),(193,1,1,'img/user_1/2014/2/19/B00001776_21I5I2_20140219_1057214_4.JPG','2014','2','19','2014-03-07 12:08:38','2014-03-07 12:08:38','2014-03-07 12:08:38'),(194,1,1,'img/user_1/2014/2/19/B00001595_21I5I2_20140219_1006274_4.JPG','2014','2','19','2014-03-07 12:08:38','2014-03-07 12:08:38','2014-03-07 12:08:38'),(195,1,1,'img/user_1/2014/2/19/B00001616_21I5I2_20140219_1011504_4.JPG','2014','2','19','2014-03-07 12:08:38','2014-03-07 12:08:38','2014-03-07 12:08:38'),(196,1,1,'img/user_1/2014/2/19/B00001681_21I5I2_20140219_1031594_4.JPG','2014','2','19','2014-03-07 12:08:38','2014-03-07 12:08:38','2014-03-07 12:08:38'),(197,1,1,'img/user_1/2014/2/19/B00001633_21I5I2_20140219_1016174_4.JPG','2014','2','19','2014-03-07 12:08:38','2014-03-07 12:08:38','2014-03-07 12:08:38'),(198,1,1,'img/user_1/2014/2/19/B00001771_21I5I2_20140219_1056084_4.JPG','2014','2','19','2014-03-07 12:08:38','2014-03-07 12:08:38','2014-03-07 12:08:38'),(199,1,1,'img/user_1/2014/2/19/B00001718_21I5I2_20140219_1041554_4.JPG','2014','2','19','2014-03-07 12:08:38','2014-03-07 12:08:38','2014-03-07 12:08:38'),(200,1,1,'img/user_1/2014/2/19/B00001639_21I5I2_20140219_1017464_4.JPG','2014','2','19','2014-03-07 12:08:38','2014-03-07 12:08:38','2014-03-07 12:08:38'),(201,1,1,'img/user_1/2014/2/19/B00001648_21I5I2_20140219_1020434_4.JPG','2014','2','19','2014-03-07 12:08:38','2014-03-07 12:08:38','2014-03-07 12:08:38'),(202,1,1,'img/user_1/2014/2/19/B00001676_21I5I2_20140219_1030114_4.JPG','2014','2','19','2014-03-07 12:08:38','2014-03-07 12:08:38','2014-03-07 12:08:38'),(203,1,1,'img/user_1/2014/2/19/B00001625_21I5I2_20140219_1014004_4.JPG','2014','2','19','2014-03-07 12:08:38','2014-03-07 12:08:38','2014-03-07 12:08:38'),(204,1,1,'img/user_1/2014/2/19/B00001779_21I5I2_20140219_1058224_4.JPG','2014','2','19','2014-03-07 12:08:38','2014-03-07 12:08:38','2014-03-07 12:08:38'),(205,1,1,'img/user_1/2014/2/19/B00001758_21I5I2_20140219_1052494_4.JPG','2014','2','19','2014-03-07 12:08:38','2014-03-07 12:08:38','2014-03-07 12:08:38'),(206,1,1,'img/user_1/2014/2/19/B00001746_21I5I2_20140219_1049594_4.JPG','2014','2','19','2014-03-07 12:08:38','2014-03-07 12:08:38','2014-03-07 12:08:38'),(207,1,1,'img/user_1/2014/2/19/B00001598_21I5I2_20140219_1007094_4.JPG','2014','2','19','2014-03-07 12:08:38','2014-03-07 12:08:38','2014-03-07 12:08:38'),(208,1,1,'img/user_1/2014/2/19/B00001677_21I5I2_20140219_1030264_4.JPG','2014','2','19','2014-03-07 12:08:38','2014-03-07 12:08:38','2014-03-07 12:08:38'),(209,1,1,'img/user_1/2014/2/19/B00001767_21I5I2_20140219_1055204_4.JPG','2014','2','19','2014-03-07 12:08:38','2014-03-07 12:08:38','2014-03-07 12:08:38'),(210,1,1,'img/user_1/2014/2/19/B00001769_21I5I2_20140219_1055444_4.JPG','2014','2','19','2014-03-07 12:08:38','2014-03-07 12:08:38','2014-03-07 12:08:38'),(211,1,2,'img/user_1/2014/2/13/B00008682_21I5I2_20140213_1038044.JPG','2014','2','13','2014-03-07 12:09:32','2014-03-07 12:09:32','2014-03-07 12:09:32'),(212,1,2,'img/user_1/2014/2/13/B00008730_21I5I2_20140213_1048364.JPG','2014','2','13','2014-03-07 12:09:32','2014-03-07 12:09:32','2014-03-07 12:09:32'),(213,1,2,'img/user_1/2014/2/13/B00008744_21I5I2_20140213_1051584.JPG','2014','2','13','2014-03-07 12:09:32','2014-03-07 12:09:32','2014-03-07 12:09:32'),(214,1,2,'img/user_1/2014/2/13/B00008641_21I5I2_20140213_1028234.JPG','2014','2','13','2014-03-07 12:09:32','2014-03-07 12:09:32','2014-03-07 12:09:32'),(215,1,2,'img/user_1/2014/2/13/B00008567_21I5I2_20140213_1010364.JPG','2014','2','13','2014-03-07 12:09:32','2014-03-07 12:09:32','2014-03-07 12:09:32'),(216,1,2,'img/user_1/2014/2/13/B00008608_21I5I2_20140213_1020574.JPG','2014','2','13','2014-03-07 12:09:32','2014-03-07 12:09:32','2014-03-07 12:09:32'),(217,1,2,'img/user_1/2014/2/13/B00008593_21I5I2_20140213_1016574.JPG','2014','2','13','2014-03-07 12:09:32','2014-03-07 12:09:32','2014-03-07 12:09:32'),(218,1,2,'img/user_1/2014/2/13/B00008543_21I5I2_20140213_1004524.JPG','2014','2','13','2014-03-07 12:09:32','2014-03-07 12:09:32','2014-03-07 12:09:32'),(219,1,2,'img/user_1/2014/2/13/B00008669_21I5I2_20140213_1034204.JPG','2014','2','13','2014-03-07 12:09:32','2014-03-07 12:09:32','2014-03-07 12:09:32'),(220,1,2,'img/user_1/2014/2/13/B00008693_21I5I2_20140213_1040224.JPG','2014','2','13','2014-03-07 12:09:32','2014-03-07 12:09:32','2014-03-07 12:09:32'),(221,1,2,'img/user_1/2014/2/13/B00008559_21I5I2_20140213_1008324.JPG','2014','2','13','2014-03-07 12:09:32','2014-03-07 12:09:32','2014-03-07 12:09:32'),(222,1,2,'img/user_1/2014/2/13/B00008655_21I5I2_20140213_1031204.JPG','2014','2','13','2014-03-07 12:09:32','2014-03-07 12:09:32','2014-03-07 12:09:32'),(223,1,2,'img/user_1/2014/2/13/B00008673_21I5I2_20140213_1035124.JPG','2014','2','13','2014-03-07 12:09:32','2014-03-07 12:09:32','2014-03-07 12:09:32'),(224,1,2,'img/user_1/2014/2/13/B00008680_21I5I2_20140213_1037354.JPG','2014','2','13','2014-03-07 12:09:32','2014-03-07 12:09:32','2014-03-07 12:09:32'),(225,1,2,'img/user_1/2014/2/13/B00008585_21I5I2_20140213_1015104.JPG','2014','2','13','2014-03-07 12:09:32','2014-03-07 12:09:32','2014-03-07 12:09:32'),(226,1,2,'img/user_1/2014/2/13/B00008539_21I5I2_20140213_1003334.JPG','2014','2','13','2014-03-07 12:09:32','2014-03-07 12:09:32','2014-03-07 12:09:32'),(227,1,2,'img/user_1/2014/2/13/B00008649_21I5I2_20140213_1029594.JPG','2014','2','13','2014-03-07 12:09:32','2014-03-07 12:09:32','2014-03-07 12:09:32'),(228,1,2,'img/user_1/2014/2/13/B00008695_21I5I2_20140213_1040504.JPG','2014','2','13','2014-03-07 12:09:32','2014-03-07 12:09:32','2014-03-07 12:09:32'),(229,1,2,'img/user_1/2014/2/13/B00008686_21I5I2_20140213_1038564.JPG','2014','2','13','2014-03-07 12:09:32','2014-03-07 12:09:32','2014-03-07 12:09:32'),(230,1,2,'img/user_1/2014/2/13/B00008552_21I5I2_20140213_1006574.JPG','2014','2','13','2014-03-07 12:09:33','2014-03-07 12:09:33','2014-03-07 12:09:33'),(231,1,2,'img/user_1/2014/2/13/B00008752_21I5I2_20140213_1053424.JPG','2014','2','13','2014-03-07 12:09:33','2014-03-07 12:09:33','2014-03-07 12:09:33'),(232,1,2,'img/user_1/2014/2/13/B00008670_21I5I2_20140213_1034344.JPG','2014','2','13','2014-03-07 12:09:33','2014-03-07 12:09:33','2014-03-07 12:09:33'),(233,1,2,'img/user_1/2014/2/13/B00008668_21I5I2_20140213_1034064.JPG','2014','2','13','2014-03-07 12:09:33','2014-03-07 12:09:33','2014-03-07 12:09:33'),(234,1,2,'img/user_1/2014/2/13/B00008643_21I5I2_20140213_1028464.JPG','2014','2','13','2014-03-07 12:09:33','2014-03-07 12:09:33','2014-03-07 12:09:33'),(235,1,2,'img/user_1/2014/2/13/B00008666_21I5I2_20140213_1033414.JPG','2014','2','13','2014-03-07 12:09:33','2014-03-07 12:09:33','2014-03-07 12:09:33'),(236,1,2,'img/user_1/2014/2/13/B00008760_21I5I2_20140213_1055334.JPG','2014','2','13','2014-03-07 12:09:33','2014-03-07 12:09:33','2014-03-07 12:09:33'),(237,1,2,'img/user_1/2014/2/13/B00008743_21I5I2_20140213_1051474.JPG','2014','2','13','2014-03-07 12:09:33','2014-03-07 12:09:33','2014-03-07 12:09:33'),(238,1,2,'img/user_1/2014/2/13/B00008711_21I5I2_20140213_1044114.JPG','2014','2','13','2014-03-07 12:09:33','2014-03-07 12:09:33','2014-03-07 12:09:33'),(239,1,2,'img/user_1/2014/2/13/B00008617_21I5I2_20140213_1023004.JPG','2014','2','13','2014-03-07 12:09:33','2014-03-07 12:09:33','2014-03-07 12:09:33'),(240,1,2,'img/user_1/2014/2/13/B00008631_21I5I2_20140213_1026084.JPG','2014','2','13','2014-03-07 12:09:33','2014-03-07 12:09:33','2014-03-07 12:09:33'),(241,1,2,'img/user_1/2014/2/13/B00008636_21I5I2_20140213_1027164.JPG','2014','2','13','2014-03-07 12:09:33','2014-03-07 12:09:33','2014-03-07 12:09:33'),(242,1,2,'img/user_1/2014/2/13/B00008576_21I5I2_20140213_1013024.JPG','2014','2','13','2014-03-07 12:09:33','2014-03-07 12:09:33','2014-03-07 12:09:33'),(243,1,2,'img/user_1/2014/2/13/B00008698_21I5I2_20140213_1041244.JPG','2014','2','13','2014-03-07 12:09:33','2014-03-07 12:09:33','2014-03-07 12:09:33'),(244,1,2,'img/user_1/2014/2/13/B00008554_21I5I2_20140213_1007204.JPG','2014','2','13','2014-03-07 12:09:33','2014-03-07 12:09:33','2014-03-07 12:09:33'),(245,1,2,'img/user_1/2014/2/13/B00008661_21I5I2_20140213_1032334.JPG','2014','2','13','2014-03-07 12:09:33','2014-03-07 12:09:33','2014-03-07 12:09:33'),(246,1,2,'img/user_1/2014/2/13/B00008594_21I5I2_20140213_1017094.JPG','2014','2','13','2014-03-07 12:09:33','2014-03-07 12:09:33','2014-03-07 12:09:33'),(247,1,2,'img/user_1/2014/2/13/B00008763_21I5I2_20140213_1056094.JPG','2014','2','13','2014-03-07 12:09:33','2014-03-07 12:09:33','2014-03-07 12:09:33'),(248,1,2,'img/user_1/2014/2/13/B00008674_21I5I2_20140213_1035354.JPG','2014','2','13','2014-03-07 12:09:33','2014-03-07 12:09:33','2014-03-07 12:09:33'),(249,1,2,'img/user_1/2014/2/13/B00008598_21I5I2_20140213_1018094.JPG','2014','2','13','2014-03-07 12:09:33','2014-03-07 12:09:33','2014-03-07 12:09:33'),(250,1,2,'img/user_1/2014/2/13/B00008610_21I5I2_20140213_1021334.JPG','2014','2','13','2014-03-07 12:09:33','2014-03-07 12:09:33','2014-03-07 12:09:33'),(251,1,2,'img/user_1/2014/2/13/B00008692_21I5I2_20140213_1040074.JPG','2014','2','13','2014-03-07 12:09:33','2014-03-07 12:09:33','2014-03-07 12:09:33'),(252,1,2,'img/user_1/2014/2/13/B00008640_21I5I2_20140213_1028074.JPG','2014','2','13','2014-03-07 12:09:33','2014-03-07 12:09:33','2014-03-07 12:09:33'),(253,1,2,'img/user_1/2014/2/13/B00008546_21I5I2_20140213_1005364.JPG','2014','2','13','2014-03-07 12:09:33','2014-03-07 12:09:33','2014-03-07 12:09:33'),(254,1,2,'img/user_1/2014/2/13/B00008620_21I5I2_20140213_1023454.JPG','2014','2','13','2014-03-07 12:09:33','2014-03-07 12:09:33','2014-03-07 12:09:33'),(255,1,2,'img/user_1/2014/2/13/B00008697_21I5I2_20140213_1041134.JPG','2014','2','13','2014-03-07 12:09:33','2014-03-07 12:09:33','2014-03-07 12:09:33'),(256,1,2,'img/user_1/2014/2/13/B00008747_21I5I2_20140213_1052374.JPG','2014','2','13','2014-03-07 12:09:33','2014-03-07 12:09:33','2014-03-07 12:09:33'),(257,1,2,'img/user_1/2014/2/13/B00008549_21I5I2_20140213_1006214.JPG','2014','2','13','2014-03-07 12:09:33','2014-03-07 12:09:33','2014-03-07 12:09:33'),(258,1,2,'img/user_1/2014/2/13/B00008562_21I5I2_20140213_1009214.JPG','2014','2','13','2014-03-07 12:09:33','2014-03-07 12:09:33','2014-03-07 12:09:33'),(259,1,2,'img/user_1/2014/2/13/B00008662_21I5I2_20140213_1032454.JPG','2014','2','13','2014-03-07 12:09:33','2014-03-07 12:09:33','2014-03-07 12:09:33'),(260,1,2,'img/user_1/2014/2/13/B00008528_21I5I2_20140213_1000464.JPG','2014','2','13','2014-03-07 12:09:33','2014-03-07 12:09:33','2014-03-07 12:09:33'),(261,1,2,'img/user_1/2014/2/13/B00008623_21I5I2_20140213_1024204.JPG','2014','2','13','2014-03-07 12:09:33','2014-03-07 12:09:33','2014-03-07 12:09:33'),(262,1,2,'img/user_1/2014/2/13/B00008772_21I5I2_20140213_1058144.JPG','2014','2','13','2014-03-07 12:09:33','2014-03-07 12:09:33','2014-03-07 12:09:33'),(263,1,2,'img/user_1/2014/2/13/B00008561_21I5I2_20140213_1009094.JPG','2014','2','13','2014-03-07 12:09:33','2014-03-07 12:09:33','2014-03-07 12:09:33'),(264,1,2,'img/user_1/2014/2/13/B00008722_21I5I2_20140213_1046474.JPG','2014','2','13','2014-03-07 12:09:33','2014-03-07 12:09:33','2014-03-07 12:09:33'),(265,1,2,'img/user_1/2014/2/13/B00008710_21I5I2_20140213_1043574.JPG','2014','2','13','2014-03-07 12:09:34','2014-03-07 12:09:34','2014-03-07 12:09:34'),(266,1,2,'img/user_1/2014/2/13/B00008550_21I5I2_20140213_1006334.JPG','2014','2','13','2014-03-07 12:09:34','2014-03-07 12:09:34','2014-03-07 12:09:34'),(267,1,2,'img/user_1/2014/2/13/B00008616_21I5I2_20140213_1022484.JPG','2014','2','13','2014-03-07 12:09:34','2014-03-07 12:09:34','2014-03-07 12:09:34'),(268,1,2,'img/user_1/2014/2/13/B00008531_21I5I2_20140213_1001364.JPG','2014','2','13','2014-03-07 12:09:34','2014-03-07 12:09:34','2014-03-07 12:09:34'),(269,1,2,'img/user_1/2014/2/13/B00008574_21I5I2_20140213_1012194.JPG','2014','2','13','2014-03-07 12:09:34','2014-03-07 12:09:34','2014-03-07 12:09:34'),(270,1,2,'img/user_1/2014/2/13/B00008725_21I5I2_20140213_1047384.JPG','2014','2','13','2014-03-07 12:09:34','2014-03-07 12:09:34','2014-03-07 12:09:34'),(271,1,2,'img/user_1/2014/2/13/B00008696_21I5I2_20140213_1041024.JPG','2014','2','13','2014-03-07 12:09:34','2014-03-07 12:09:34','2014-03-07 12:09:34'),(272,1,2,'img/user_1/2014/2/13/B00008633_21I5I2_20140213_1026414.JPG','2014','2','13','2014-03-07 12:09:34','2014-03-07 12:09:34','2014-03-07 12:09:34'),(273,1,2,'img/user_1/2014/2/13/B00008775_21I5I2_20140213_1059034.JPG','2014','2','13','2014-03-07 12:09:34','2014-03-07 12:09:34','2014-03-07 12:09:34'),(274,1,2,'img/user_1/2014/2/13/B00008770_21I5I2_20140213_1057494.JPG','2014','2','13','2014-03-07 12:09:34','2014-03-07 12:09:34','2014-03-07 12:09:34'),(275,1,2,'img/user_1/2014/2/13/B00008685_21I5I2_20140213_1038404.JPG','2014','2','13','2014-03-07 12:09:34','2014-03-07 12:09:34','2014-03-07 12:09:34'),(276,1,2,'img/user_1/2014/2/13/B00008751_21I5I2_20140213_1053304.JPG','2014','2','13','2014-03-07 12:09:34','2014-03-07 12:09:34','2014-03-07 12:09:34'),(277,1,2,'img/user_1/2014/2/13/B00008583_21I5I2_20140213_1014454.JPG','2014','2','13','2014-03-07 12:09:34','2014-03-07 12:09:34','2014-03-07 12:09:34'),(278,1,2,'img/user_1/2014/2/13/B00008577_21I5I2_20140213_1013144.JPG','2014','2','13','2014-03-07 12:09:34','2014-03-07 12:09:34','2014-03-07 12:09:34'),(279,1,2,'img/user_1/2014/2/13/B00008613_21I5I2_20140213_1022134.JPG','2014','2','13','2014-03-07 12:09:34','2014-03-07 12:09:34','2014-03-07 12:09:34'),(280,1,2,'img/user_1/2014/2/13/B00008720_21I5I2_20140213_1046084.JPG','2014','2','13','2014-03-07 12:09:34','2014-03-07 12:09:34','2014-03-07 12:09:34'),(281,1,2,'img/user_1/2014/2/13/B00008754_21I5I2_20140213_1054084.JPG','2014','2','13','2014-03-07 12:09:34','2014-03-07 12:09:34','2014-03-07 12:09:34'),(282,1,2,'img/user_1/2014/2/13/B00008548_21I5I2_20140213_1006094.JPG','2014','2','13','2014-03-07 12:09:34','2014-03-07 12:09:34','2014-03-07 12:09:34'),(283,1,2,'img/user_1/2014/2/13/B00008702_21I5I2_20140213_1042214.JPG','2014','2','13','2014-03-07 12:09:34','2014-03-07 12:09:34','2014-03-07 12:09:34'),(284,1,2,'img/user_1/2014/2/13/B00008660_21I5I2_20140213_1032224.JPG','2014','2','13','2014-03-07 12:09:34','2014-03-07 12:09:34','2014-03-07 12:09:34'),(285,1,2,'img/user_1/2014/2/13/B00008762_21I5I2_20140213_1055584.JPG','2014','2','13','2014-03-07 12:09:34','2014-03-07 12:09:34','2014-03-07 12:09:34'),(286,1,2,'img/user_1/2014/2/13/B00008591_21I5I2_20140213_1016344.JPG','2014','2','13','2014-03-07 12:09:34','2014-03-07 12:09:34','2014-03-07 12:09:34'),(287,1,2,'img/user_1/2014/2/13/B00008584_21I5I2_20140213_1014564.JPG','2014','2','13','2014-03-07 12:09:34','2014-03-07 12:09:34','2014-03-07 12:09:34'),(288,1,2,'img/user_1/2014/2/13/B00008652_21I5I2_20140213_1030354.JPG','2014','2','13','2014-03-07 12:09:34','2014-03-07 12:09:34','2014-03-07 12:09:34'),(289,1,2,'img/user_1/2014/2/13/B00008587_21I5I2_20140213_1015404.JPG','2014','2','13','2014-03-07 12:09:34','2014-03-07 12:09:34','2014-03-07 12:09:34'),(290,1,2,'img/user_1/2014/2/13/B00008690_21I5I2_20140213_1039424.JPG','2014','2','13','2014-03-07 12:09:34','2014-03-07 12:09:34','2014-03-07 12:09:34'),(291,1,2,'img/user_1/2014/2/13/B00008558_21I5I2_20140213_1008104.JPG','2014','2','13','2014-03-07 12:09:34','2014-03-07 12:09:34','2014-03-07 12:09:34'),(292,1,2,'img/user_1/2014/2/13/B00008766_21I5I2_20140213_1056434.JPG','2014','2','13','2014-03-07 12:09:34','2014-03-07 12:09:34','2014-03-07 12:09:34'),(293,1,2,'img/user_1/2014/2/13/B00008553_21I5I2_20140213_1007084.JPG','2014','2','13','2014-03-07 12:09:34','2014-03-07 12:09:34','2014-03-07 12:09:34'),(294,1,2,'img/user_1/2014/2/13/B00008525_21I5I2_20140213_1000084.JPG','2014','2','13','2014-03-07 12:09:34','2014-03-07 12:09:34','2014-03-07 12:09:34'),(295,1,2,'img/user_1/2014/2/13/B00008538_21I5I2_20140213_1003224.JPG','2014','2','13','2014-03-07 12:09:34','2014-03-07 12:09:34','2014-03-07 12:09:34'),(296,1,2,'img/user_1/2014/2/13/B00008740_21I5I2_20140213_1050484.JPG','2014','2','13','2014-03-07 12:09:34','2014-03-07 12:09:34','2014-03-07 12:09:34'),(297,1,2,'img/user_1/2014/2/13/B00008646_21I5I2_20140213_1029234.JPG','2014','2','13','2014-03-07 12:09:34','2014-03-07 12:09:34','2014-03-07 12:09:34'),(298,1,2,'img/user_1/2014/2/13/B00008630_21I5I2_20140213_1025544.JPG','2014','2','13','2014-03-07 12:09:34','2014-03-07 12:09:34','2014-03-07 12:09:34'),(299,1,2,'img/user_1/2014/2/13/B00008728_21I5I2_20140213_1048134.JPG','2014','2','13','2014-03-07 12:09:34','2014-03-07 12:09:34','2014-03-07 12:09:34'),(300,1,2,'img/user_1/2014/2/13/B00008625_21I5I2_20140213_1024434.JPG','2014','2','13','2014-03-07 12:09:35','2014-03-07 12:09:35','2014-03-07 12:09:35'),(301,1,2,'img/user_1/2014/2/13/B00008712_21I5I2_20140213_1044234.JPG','2014','2','13','2014-03-07 12:09:35','2014-03-07 12:09:35','2014-03-07 12:09:35'),(302,1,2,'img/user_1/2014/2/13/B00008573_21I5I2_20140213_1011574.JPG','2014','2','13','2014-03-07 12:09:35','2014-03-07 12:09:35','2014-03-07 12:09:35'),(303,1,2,'img/user_1/2014/2/13/B00008672_21I5I2_20140213_1034584.JPG','2014','2','13','2014-03-07 12:09:35','2014-03-07 12:09:35','2014-03-07 12:09:35'),(304,1,2,'img/user_1/2014/2/13/B00008650_21I5I2_20140213_1030124.JPG','2014','2','13','2014-03-07 12:09:35','2014-03-07 12:09:35','2014-03-07 12:09:35'),(305,1,2,'img/user_1/2014/2/13/B00008745_21I5I2_20140213_1052104.JPG','2014','2','13','2014-03-07 12:09:35','2014-03-07 12:09:35','2014-03-07 12:09:35'),(306,1,2,'img/user_1/2014/2/13/B00008741_21I5I2_20140213_1051054.JPG','2014','2','13','2014-03-07 12:09:35','2014-03-07 12:09:35','2014-03-07 12:09:35'),(307,1,2,'img/user_1/2014/2/13/B00008569_21I5I2_20140213_1010594.JPG','2014','2','13','2014-03-07 12:09:35','2014-03-07 12:09:35','2014-03-07 12:09:35'),(308,1,2,'img/user_1/2014/2/13/B00008622_21I5I2_20140213_1024074.JPG','2014','2','13','2014-03-07 12:09:35','2014-03-07 12:09:35','2014-03-07 12:09:35'),(309,1,2,'img/user_1/2014/2/13/B00008731_21I5I2_20140213_1048504.JPG','2014','2','13','2014-03-07 12:09:35','2014-03-07 12:09:35','2014-03-07 12:09:35'),(310,1,2,'img/user_1/2014/2/13/B00008563_21I5I2_20140213_1009354.JPG','2014','2','13','2014-03-07 12:09:35','2014-03-07 12:09:35','2014-03-07 12:09:35'),(311,1,2,'img/user_1/2014/2/13/B00008704_21I5I2_20140213_1042434.JPG','2014','2','13','2014-03-07 12:09:35','2014-03-07 12:09:35','2014-03-07 12:09:35'),(312,1,2,'img/user_1/2014/2/13/B00008564_21I5I2_20140213_1009504.JPG','2014','2','13','2014-03-07 12:09:35','2014-03-07 12:09:35','2014-03-07 12:09:35'),(313,1,2,'img/user_1/2014/2/13/B00008736_21I5I2_20140213_1049544.JPG','2014','2','13','2014-03-07 12:09:35','2014-03-07 12:09:35','2014-03-07 12:09:35'),(314,1,2,'img/user_1/2014/2/13/B00008683_21I5I2_20140213_1038154.JPG','2014','2','13','2014-03-07 12:09:35','2014-03-07 12:09:35','2014-03-07 12:09:35'),(315,1,2,'img/user_1/2014/2/13/B00008769_21I5I2_20140213_1057274.JPG','2014','2','13','2014-03-07 12:09:35','2014-03-07 12:09:35','2014-03-07 12:09:35'),(316,1,2,'img/user_1/2014/2/13/B00008540_21I5I2_20140213_1003544.JPG','2014','2','13','2014-03-07 12:09:35','2014-03-07 12:09:35','2014-03-07 12:09:35'),(317,1,2,'img/user_1/2014/2/13/B00008568_21I5I2_20140213_1010484.JPG','2014','2','13','2014-03-07 12:09:35','2014-03-07 12:09:35','2014-03-07 12:09:35'),(318,1,2,'img/user_1/2014/2/13/B00008571_21I5I2_20140213_1011314.JPG','2014','2','13','2014-03-07 12:09:35','2014-03-07 12:09:35','2014-03-07 12:09:35'),(319,1,2,'img/user_1/2014/2/13/B00008761_21I5I2_20140213_1055474.JPG','2014','2','13','2014-03-07 12:09:35','2014-03-07 12:09:35','2014-03-07 12:09:35'),(320,1,2,'img/user_1/2014/2/13/B00008663_21I5I2_20140213_1033024.JPG','2014','2','13','2014-03-07 12:09:35','2014-03-07 12:09:35','2014-03-07 12:09:35'),(321,1,2,'img/user_1/2014/2/13/B00008729_21I5I2_20140213_1048254.JPG','2014','2','13','2014-03-07 12:09:35','2014-03-07 12:09:35','2014-03-07 12:09:35'),(322,1,2,'img/user_1/2014/2/13/B00008551_21I5I2_20140213_1006464.JPG','2014','2','13','2014-03-07 12:09:35','2014-03-07 12:09:35','2014-03-07 12:09:35'),(323,1,2,'img/user_1/2014/2/13/B00008612_21I5I2_20140213_1022014.JPG','2014','2','13','2014-03-07 12:09:35','2014-03-07 12:09:35','2014-03-07 12:09:35'),(324,1,2,'img/user_1/2014/2/13/B00008671_21I5I2_20140213_1034454.JPG','2014','2','13','2014-03-07 12:09:35','2014-03-07 12:09:35','2014-03-07 12:09:35'),(325,1,2,'img/user_1/2014/2/13/B00008599_21I5I2_20140213_1018334.JPG','2014','2','13','2014-03-07 12:09:35','2014-03-07 12:09:35','2014-03-07 12:09:35'),(326,1,2,'img/user_1/2014/2/13/B00008645_21I5I2_20140213_1029094.JPG','2014','2','13','2014-03-07 12:09:35','2014-03-07 12:09:35','2014-03-07 12:09:35'),(327,1,2,'img/user_1/2014/2/13/B00008547_21I5I2_20140213_1005584.JPG','2014','2','13','2014-03-07 12:09:35','2014-03-07 12:09:35','2014-03-07 12:09:35'),(328,1,2,'img/user_1/2014/2/13/B00008689_21I5I2_20140213_1039314.JPG','2014','2','13','2014-03-07 12:09:35','2014-03-07 12:09:35','2014-03-07 12:09:35'),(329,1,2,'img/user_1/2014/2/13/B00008638_21I5I2_20140213_1027394.JPG','2014','2','13','2014-03-07 12:09:35','2014-03-07 12:09:35','2014-03-07 12:09:35'),(330,1,2,'img/user_1/2014/2/13/B00008717_21I5I2_20140213_1045274.JPG','2014','2','13','2014-03-07 12:09:35','2014-03-07 12:09:35','2014-03-07 12:09:35'),(331,1,2,'img/user_1/2014/2/13/B00008724_21I5I2_20140213_1047264.JPG','2014','2','13','2014-03-07 12:09:35','2014-03-07 12:09:35','2014-03-07 12:09:35'),(332,1,2,'img/user_1/2014/2/13/B00008715_21I5I2_20140213_1045004.JPG','2014','2','13','2014-03-07 12:09:35','2014-03-07 12:09:35','2014-03-07 12:09:35'),(333,1,2,'img/user_1/2014/2/13/B00008764_21I5I2_20140213_1056214.JPG','2014','2','13','2014-03-07 12:09:35','2014-03-07 12:09:35','2014-03-07 12:09:35'),(334,1,2,'img/user_1/2014/2/13/B00008703_21I5I2_20140213_1042324.JPG','2014','2','13','2014-03-07 12:09:36','2014-03-07 12:09:36','2014-03-07 12:09:36'),(335,1,2,'img/user_1/2014/2/13/B00008678_21I5I2_20140213_1037014.JPG','2014','2','13','2014-03-07 12:09:36','2014-03-07 12:09:36','2014-03-07 12:09:36'),(336,1,2,'img/user_1/2014/2/13/B00008700_21I5I2_20140213_1041474.JPG','2014','2','13','2014-03-07 12:09:36','2014-03-07 12:09:36','2014-03-07 12:09:36'),(337,1,2,'img/user_1/2014/2/13/B00008614_21I5I2_20140213_1022264.JPG','2014','2','13','2014-03-07 12:09:36','2014-03-07 12:09:36','2014-03-07 12:09:36'),(338,1,2,'img/user_1/2014/2/13/B00008757_21I5I2_20140213_1054454.JPG','2014','2','13','2014-03-07 12:09:36','2014-03-07 12:09:36','2014-03-07 12:09:36'),(339,1,2,'img/user_1/2014/2/13/B00008708_21I5I2_20140213_1043344.JPG','2014','2','13','2014-03-07 12:09:36','2014-03-07 12:09:36','2014-03-07 12:09:36'),(340,1,2,'img/user_1/2014/2/13/B00008721_21I5I2_20140213_1046224.JPG','2014','2','13','2014-03-07 12:09:36','2014-03-07 12:09:36','2014-03-07 12:09:36'),(341,1,2,'img/user_1/2014/2/13/B00008619_21I5I2_20140213_1023234.JPG','2014','2','13','2014-03-07 12:09:36','2014-03-07 12:09:36','2014-03-07 12:09:36'),(342,1,2,'img/user_1/2014/2/13/B00008699_21I5I2_20140213_1041354.JPG','2014','2','13','2014-03-07 12:09:36','2014-03-07 12:09:36','2014-03-07 12:09:36'),(343,1,2,'img/user_1/2014/2/13/B00008737_21I5I2_20140213_1050094.JPG','2014','2','13','2014-03-07 12:09:36','2014-03-07 12:09:36','2014-03-07 12:09:36'),(344,1,2,'img/user_1/2014/2/13/B00008742_21I5I2_20140213_1051284.JPG','2014','2','13','2014-03-07 12:09:36','2014-03-07 12:09:36','2014-03-07 12:09:36'),(345,1,2,'img/user_1/2014/2/13/B00008768_21I5I2_20140213_1057124.JPG','2014','2','13','2014-03-07 12:09:36','2014-03-07 12:09:36','2014-03-07 12:09:36'),(346,1,2,'img/user_1/2014/2/13/B00008681_21I5I2_20140213_1037504.JPG','2014','2','13','2014-03-07 12:09:36','2014-03-07 12:09:36','2014-03-07 12:09:36'),(347,1,2,'img/user_1/2014/2/13/B00008659_21I5I2_20140213_1032104.JPG','2014','2','13','2014-03-07 12:09:36','2014-03-07 12:09:36','2014-03-07 12:09:36'),(348,1,2,'img/user_1/2014/2/13/B00008776_21I5I2_20140213_1059254.JPG','2014','2','13','2014-03-07 12:09:36','2014-03-07 12:09:36','2014-03-07 12:09:36'),(349,1,2,'img/user_1/2014/2/13/B00008734_21I5I2_20140213_1049284.JPG','2014','2','13','2014-03-07 12:09:36','2014-03-07 12:09:36','2014-03-07 12:09:36'),(350,1,2,'img/user_1/2014/2/13/B00008629_21I5I2_20140213_1025424.JPG','2014','2','13','2014-03-07 12:09:36','2014-03-07 12:09:36','2014-03-07 12:09:36'),(351,1,2,'img/user_1/2014/2/13/B00008572_21I5I2_20140213_1011424.JPG','2014','2','13','2014-03-07 12:09:36','2014-03-07 12:09:36','2014-03-07 12:09:36'),(352,1,2,'img/user_1/2014/2/13/B00008589_21I5I2_20140213_1016034.JPG','2014','2','13','2014-03-07 12:09:36','2014-03-07 12:09:36','2014-03-07 12:09:36'),(353,1,2,'img/user_1/2014/2/13/B00008590_21I5I2_20140213_1016154.JPG','2014','2','13','2014-03-07 12:09:36','2014-03-07 12:09:36','2014-03-07 12:09:36'),(354,1,2,'img/user_1/2014/2/13/B00008701_21I5I2_20140213_1042024.JPG','2014','2','13','2014-03-07 12:09:36','2014-03-07 12:09:36','2014-03-07 12:09:36'),(355,1,2,'img/user_1/2014/2/13/B00008566_21I5I2_20140213_1010194.JPG','2014','2','13','2014-03-07 12:09:36','2014-03-07 12:09:36','2014-03-07 12:09:36'),(356,1,2,'img/user_1/2014/2/13/B00008536_21I5I2_20140213_1002494.JPG','2014','2','13','2014-03-07 12:09:36','2014-03-07 12:09:36','2014-03-07 12:09:36'),(357,1,2,'img/user_1/2014/2/13/B00008627_21I5I2_20140213_1025144.JPG','2014','2','13','2014-03-07 12:09:36','2014-03-07 12:09:36','2014-03-07 12:09:36'),(358,1,2,'img/user_1/2014/2/13/B00008537_21I5I2_20140213_1003004.JPG','2014','2','13','2014-03-07 12:09:36','2014-03-07 12:09:36','2014-03-07 12:09:36'),(359,1,2,'img/user_1/2014/2/13/B00008560_21I5I2_20140213_1008554.JPG','2014','2','13','2014-03-07 12:09:36','2014-03-07 12:09:36','2014-03-07 12:09:36'),(360,1,2,'img/user_1/2014/2/13/B00008529_21I5I2_20140213_1000594.JPG','2014','2','13','2014-03-07 12:09:36','2014-03-07 12:09:36','2014-03-07 12:09:36'),(361,1,2,'img/user_1/2014/2/13/B00008595_21I5I2_20140213_1017234.JPG','2014','2','13','2014-03-07 12:09:36','2014-03-07 12:09:36','2014-03-07 12:09:36'),(362,1,2,'img/user_1/2014/2/13/B00008679_21I5I2_20140213_1037214.JPG','2014','2','13','2014-03-07 12:09:36','2014-03-07 12:09:36','2014-03-07 12:09:36'),(363,1,2,'img/user_1/2014/2/13/B00008753_21I5I2_20140213_1053574.JPG','2014','2','13','2014-03-07 12:09:36','2014-03-07 12:09:36','2014-03-07 12:09:36'),(364,1,2,'img/user_1/2014/2/13/B00008755_21I5I2_20140213_1054194.JPG','2014','2','13','2014-03-07 12:09:36','2014-03-07 12:09:36','2014-03-07 12:09:36'),(365,1,2,'img/user_1/2014/2/13/B00008765_21I5I2_20140213_1056324.JPG','2014','2','13','2014-03-07 12:09:36','2014-03-07 12:09:36','2014-03-07 12:09:36'),(366,1,2,'img/user_1/2014/2/13/B00008658_21I5I2_20140213_1031564.JPG','2014','2','13','2014-03-07 12:09:36','2014-03-07 12:09:36','2014-03-07 12:09:36'),(367,1,2,'img/user_1/2014/2/13/B00008535_21I5I2_20140213_1002384.JPG','2014','2','13','2014-03-07 12:09:36','2014-03-07 12:09:36','2014-03-07 12:09:36'),(368,1,2,'img/user_1/2014/2/13/B00008626_21I5I2_20140213_1025034.JPG','2014','2','13','2014-03-07 12:09:36','2014-03-07 12:09:36','2014-03-07 12:09:36'),(369,1,2,'img/user_1/2014/2/13/B00008667_21I5I2_20140213_1033534.JPG','2014','2','13','2014-03-07 12:09:36','2014-03-07 12:09:36','2014-03-07 12:09:36'),(370,1,2,'img/user_1/2014/2/13/B00008774_21I5I2_20140213_1058414.JPG','2014','2','13','2014-03-07 12:09:37','2014-03-07 12:09:37','2014-03-07 12:09:37'),(371,1,2,'img/user_1/2014/2/13/B00008767_21I5I2_20140213_1056574.JPG','2014','2','13','2014-03-07 12:09:37','2014-03-07 12:09:37','2014-03-07 12:09:37'),(372,1,2,'img/user_1/2014/2/13/B00008756_21I5I2_20140213_1054334.JPG','2014','2','13','2014-03-07 12:09:37','2014-03-07 12:09:37','2014-03-07 12:09:37'),(373,1,2,'img/user_1/2014/2/13/B00008556_21I5I2_20140213_1007444.JPG','2014','2','13','2014-03-07 12:09:37','2014-03-07 12:09:37','2014-03-07 12:09:37'),(374,1,2,'img/user_1/2014/2/13/B00008735_21I5I2_20140213_1049404.JPG','2014','2','13','2014-03-07 12:09:37','2014-03-07 12:09:37','2014-03-07 12:09:37'),(375,1,2,'img/user_1/2014/2/13/B00008557_21I5I2_20140213_1007574.JPG','2014','2','13','2014-03-07 12:09:37','2014-03-07 12:09:37','2014-03-07 12:09:37'),(376,1,2,'img/user_1/2014/2/13/B00008719_21I5I2_20140213_1045534.JPG','2014','2','13','2014-03-07 12:09:37','2014-03-07 12:09:37','2014-03-07 12:09:37'),(377,1,2,'img/user_1/2014/2/13/B00008748_21I5I2_20140213_1052504.JPG','2014','2','13','2014-03-07 12:09:37','2014-03-07 12:09:37','2014-03-07 12:09:37'),(378,1,2,'img/user_1/2014/2/13/B00008733_21I5I2_20140213_1049174.JPG','2014','2','13','2014-03-07 12:09:37','2014-03-07 12:09:37','2014-03-07 12:09:37'),(379,1,2,'img/user_1/2014/2/13/B00008628_21I5I2_20140213_1025254.JPG','2014','2','13','2014-03-07 12:09:37','2014-03-07 12:09:37','2014-03-07 12:09:37'),(380,1,2,'img/user_1/2014/2/13/B00008621_21I5I2_20140213_1023564.JPG','2014','2','13','2014-03-07 12:09:37','2014-03-07 12:09:37','2014-03-07 12:09:37'),(381,1,2,'img/user_1/2014/2/13/B00008777_21I5I2_20140213_1059364.JPG','2014','2','13','2014-03-07 12:09:37','2014-03-07 12:09:37','2014-03-07 12:09:37'),(382,1,2,'img/user_1/2014/2/13/B00008609_21I5I2_20140213_1021084.JPG','2014','2','13','2014-03-07 12:09:37','2014-03-07 12:09:37','2014-03-07 12:09:37'),(383,1,2,'img/user_1/2014/2/13/B00008533_21I5I2_20140213_1001594.JPG','2014','2','13','2014-03-07 12:09:37','2014-03-07 12:09:37','2014-03-07 12:09:37'),(384,1,2,'img/user_1/2014/2/13/B00008634_21I5I2_20140213_1026534.JPG','2014','2','13','2014-03-07 12:09:37','2014-03-07 12:09:37','2014-03-07 12:09:37'),(385,1,2,'img/user_1/2014/2/13/B00008565_21I5I2_20140213_1010054.JPG','2014','2','13','2014-03-07 12:09:37','2014-03-07 12:09:37','2014-03-07 12:09:37'),(386,1,2,'img/user_1/2014/2/13/B00008677_21I5I2_20140213_1036394.JPG','2014','2','13','2014-03-07 12:09:37','2014-03-07 12:09:37','2014-03-07 12:09:37'),(387,1,2,'img/user_1/2014/2/13/B00008526_21I5I2_20140213_1000234.JPG','2014','2','13','2014-03-07 12:09:37','2014-03-07 12:09:37','2014-03-07 12:09:37'),(388,1,2,'img/user_1/2014/2/13/B00008581_21I5I2_20140213_1014184.JPG','2014','2','13','2014-03-07 12:09:37','2014-03-07 12:09:37','2014-03-07 12:09:37'),(389,1,2,'img/user_1/2014/2/13/B00008687_21I5I2_20140213_1039074.JPG','2014','2','13','2014-03-07 12:09:37','2014-03-07 12:09:37','2014-03-07 12:09:37'),(390,1,2,'img/user_1/2014/2/13/B00008527_21I5I2_20140213_1000344.JPG','2014','2','13','2014-03-07 12:09:37','2014-03-07 12:09:37','2014-03-07 12:09:37'),(391,1,2,'img/user_1/2014/2/13/B00008773_21I5I2_20140213_1058294.JPG','2014','2','13','2014-03-07 12:09:37','2014-03-07 12:09:37','2014-03-07 12:09:37'),(392,1,2,'img/user_1/2014/2/13/B00008647_21I5I2_20140213_1029354.JPG','2014','2','13','2014-03-07 12:09:37','2014-03-07 12:09:37','2014-03-07 12:09:37'),(393,1,2,'img/user_1/2014/2/13/B00008653_21I5I2_20140213_1030534.JPG','2014','2','13','2014-03-07 12:09:37','2014-03-07 12:09:37','2014-03-07 12:09:37'),(394,1,2,'img/user_1/2014/2/13/B00008778_21I5I2_20140213_1059474.JPG','2014','2','13','2014-03-07 12:09:37','2014-03-07 12:09:37','2014-03-07 12:09:37'),(395,1,2,'img/user_1/2014/2/13/B00008657_21I5I2_20140213_1031444.JPG','2014','2','13','2014-03-07 12:09:37','2014-03-07 12:09:37','2014-03-07 12:09:37'),(396,1,2,'img/user_1/2014/2/13/B00008713_21I5I2_20140213_1044344.JPG','2014','2','13','2014-03-07 12:09:37','2014-03-07 12:09:37','2014-03-07 12:09:37'),(397,1,2,'img/user_1/2014/2/13/B00008600_21I5I2_20140213_1018554.JPG','2014','2','13','2014-03-07 12:09:37','2014-03-07 12:09:37','2014-03-07 12:09:37'),(398,1,2,'img/user_1/2014/2/13/B00008611_21I5I2_20140213_1021504.JPG','2014','2','13','2014-03-07 12:09:37','2014-03-07 12:09:37','2014-03-07 12:09:37'),(399,1,2,'img/user_1/2014/2/13/B00008714_21I5I2_20140213_1044464.JPG','2014','2','13','2014-03-07 12:09:37','2014-03-07 12:09:37','2014-03-07 12:09:37'),(400,1,2,'img/user_1/2014/2/13/B00008588_21I5I2_20140213_1015524.JPG','2014','2','13','2014-03-07 12:09:37','2014-03-07 12:09:37','2014-03-07 12:09:37'),(401,1,2,'img/user_1/2014/2/13/B00008601_21I5I2_20140213_1019094.JPG','2014','2','13','2014-03-07 12:09:38','2014-03-07 12:09:38','2014-03-07 12:09:38'),(402,1,2,'img/user_1/2014/2/13/B00008592_21I5I2_20140213_1016454.JPG','2014','2','13','2014-03-07 12:09:38','2014-03-07 12:09:38','2014-03-07 12:09:38'),(403,1,2,'img/user_1/2014/2/13/B00008771_21I5I2_20140213_1058004.JPG','2014','2','13','2014-03-07 12:09:38','2014-03-07 12:09:38','2014-03-07 12:09:38'),(404,1,2,'img/user_1/2014/2/13/B00008597_21I5I2_20140213_1017584.JPG','2014','2','13','2014-03-07 12:09:38','2014-03-07 12:09:38','2014-03-07 12:09:38'),(405,1,2,'img/user_1/2014/2/13/B00008604_21I5I2_20140213_1020044.JPG','2014','2','13','2014-03-07 12:09:38','2014-03-07 12:09:38','2014-03-07 12:09:38'),(406,1,2,'img/user_1/2014/2/13/B00008637_21I5I2_20140213_1027274.JPG','2014','2','13','2014-03-07 12:09:38','2014-03-07 12:09:38','2014-03-07 12:09:38'),(407,1,2,'img/user_1/2014/2/13/B00008758_21I5I2_20140213_1055024.JPG','2014','2','13','2014-03-07 12:09:38','2014-03-07 12:09:38','2014-03-07 12:09:38'),(408,1,2,'img/user_1/2014/2/13/B00008582_21I5I2_20140213_1014334.JPG','2014','2','13','2014-03-07 12:09:38','2014-03-07 12:09:38','2014-03-07 12:09:38'),(409,1,2,'img/user_1/2014/2/13/B00008606_21I5I2_20140213_1020344.JPG','2014','2','13','2014-03-07 12:09:38','2014-03-07 12:09:38','2014-03-07 12:09:38'),(410,1,2,'img/user_1/2014/2/13/B00008750_21I5I2_20140213_1053184.JPG','2014','2','13','2014-03-07 12:09:38','2014-03-07 12:09:38','2014-03-07 12:09:38'),(411,1,2,'img/user_1/2014/2/13/B00008639_21I5I2_20140213_1027564.JPG','2014','2','13','2014-03-07 12:09:38','2014-03-07 12:09:38','2014-03-07 12:09:38'),(412,1,2,'img/user_1/2014/2/13/B00008607_21I5I2_20140213_1020464.JPG','2014','2','13','2014-03-07 12:09:38','2014-03-07 12:09:38','2014-03-07 12:09:38'),(413,1,2,'img/user_1/2014/2/13/B00008542_21I5I2_20140213_1004414.JPG','2014','2','13','2014-03-07 12:09:38','2014-03-07 12:09:38','2014-03-07 12:09:38'),(414,1,2,'img/user_1/2014/2/13/B00008739_21I5I2_20140213_1050374.JPG','2014','2','13','2014-03-07 12:09:38','2014-03-07 12:09:38','2014-03-07 12:09:38'),(415,1,2,'img/user_1/2014/2/13/B00008596_21I5I2_20140213_1017384.JPG','2014','2','13','2014-03-07 12:09:38','2014-03-07 12:09:38','2014-03-07 12:09:38'),(416,1,2,'img/user_1/2014/2/13/B00008532_21I5I2_20140213_1001484.JPG','2014','2','13','2014-03-07 12:09:38','2014-03-07 12:09:38','2014-03-07 12:09:38'),(417,1,2,'img/user_1/2014/2/13/B00008738_21I5I2_20140213_1050224.JPG','2014','2','13','2014-03-07 12:09:38','2014-03-07 12:09:38','2014-03-07 12:09:38'),(418,1,2,'img/user_1/2014/2/13/B00008586_21I5I2_20140213_1015284.JPG','2014','2','13','2014-03-07 12:09:38','2014-03-07 12:09:38','2014-03-07 12:09:38'),(419,1,2,'img/user_1/2014/2/13/B00008707_21I5I2_20140213_1043214.JPG','2014','2','13','2014-03-07 12:09:38','2014-03-07 12:09:38','2014-03-07 12:09:38'),(420,1,2,'img/user_1/2014/2/13/B00008688_21I5I2_20140213_1039194.JPG','2014','2','13','2014-03-07 12:09:38','2014-03-07 12:09:38','2014-03-07 12:09:38'),(421,1,2,'img/user_1/2014/2/13/B00008534_21I5I2_20140213_1002174.JPG','2014','2','13','2014-03-07 12:09:38','2014-03-07 12:09:38','2014-03-07 12:09:38'),(422,1,2,'img/user_1/2014/2/13/B00008575_21I5I2_20140213_1012414.JPG','2014','2','13','2014-03-07 12:09:38','2014-03-07 12:09:38','2014-03-07 12:09:38'),(423,1,2,'img/user_1/2014/2/13/B00008664_21I5I2_20140213_1033134.JPG','2014','2','13','2014-03-07 12:09:38','2014-03-07 12:09:38','2014-03-07 12:09:38'),(424,1,2,'img/user_1/2014/2/13/B00008676_21I5I2_20140213_1036184.JPG','2014','2','13','2014-03-07 12:09:38','2014-03-07 12:09:38','2014-03-07 12:09:38'),(425,1,2,'img/user_1/2014/2/13/B00008544_21I5I2_20140213_1005144.JPG','2014','2','13','2014-03-07 12:09:38','2014-03-07 12:09:38','2014-03-07 12:09:38'),(426,1,2,'img/user_1/2014/2/13/B00008706_21I5I2_20140213_1043104.JPG','2014','2','13','2014-03-07 12:09:38','2014-03-07 12:09:38','2014-03-07 12:09:38'),(427,1,2,'img/user_1/2014/2/13/B00008530_21I5I2_20140213_1001174.JPG','2014','2','13','2014-03-07 12:09:38','2014-03-07 12:09:38','2014-03-07 12:09:38'),(428,1,2,'img/user_1/2014/2/13/B00008694_21I5I2_20140213_1040334.JPG','2014','2','13','2014-03-07 12:09:38','2014-03-07 12:09:38','2014-03-07 12:09:38'),(429,1,2,'img/user_1/2014/2/13/B00008723_21I5I2_20140213_1047084.JPG','2014','2','13','2014-03-07 12:09:38','2014-03-07 12:09:38','2014-03-07 12:09:38'),(430,1,2,'img/user_1/2014/2/13/B00008644_21I5I2_20140213_1028574.JPG','2014','2','13','2014-03-07 12:09:38','2014-03-07 12:09:38','2014-03-07 12:09:38'),(431,1,2,'img/user_1/2014/2/13/B00008749_21I5I2_20140213_1053044.JPG','2014','2','13','2014-03-07 12:09:38','2014-03-07 12:09:38','2014-03-07 12:09:38'),(432,1,2,'img/user_1/2014/2/13/B00008759_21I5I2_20140213_1055224.JPG','2014','2','13','2014-03-07 12:09:38','2014-03-07 12:09:38','2014-03-07 12:09:38'),(433,1,2,'img/user_1/2014/2/13/B00008648_21I5I2_20140213_1029474.JPG','2014','2','13','2014-03-07 12:09:39','2014-03-07 12:09:39','2014-03-07 12:09:39'),(434,1,2,'img/user_1/2014/2/13/B00008656_21I5I2_20140213_1031324.JPG','2014','2','13','2014-03-07 12:09:39','2014-03-07 12:09:39','2014-03-07 12:09:39'),(435,1,2,'img/user_1/2014/2/13/B00008580_21I5I2_20140213_1013574.JPG','2014','2','13','2014-03-07 12:09:39','2014-03-07 12:09:39','2014-03-07 12:09:39'),(436,1,2,'img/user_1/2014/2/13/B00008635_21I5I2_20140213_1027044.JPG','2014','2','13','2014-03-07 12:09:39','2014-03-07 12:09:39','2014-03-07 12:09:39'),(437,1,2,'img/user_1/2014/2/13/B00008746_21I5I2_20140213_1052264.JPG','2014','2','13','2014-03-07 12:09:39','2014-03-07 12:09:39','2014-03-07 12:09:39'),(438,1,2,'img/user_1/2014/2/13/B00008642_21I5I2_20140213_1028344.JPG','2014','2','13','2014-03-07 12:09:39','2014-03-07 12:09:39','2014-03-07 12:09:39'),(439,1,2,'img/user_1/2014/2/13/B00008651_21I5I2_20140213_1030234.JPG','2014','2','13','2014-03-07 12:09:39','2014-03-07 12:09:39','2014-03-07 12:09:39'),(440,1,2,'img/user_1/2014/2/13/B00008605_21I5I2_20140213_1020234.JPG','2014','2','13','2014-03-07 12:09:39','2014-03-07 12:09:39','2014-03-07 12:09:39'),(441,1,2,'img/user_1/2014/2/13/B00008718_21I5I2_20140213_1045384.JPG','2014','2','13','2014-03-07 12:09:39','2014-03-07 12:09:39','2014-03-07 12:09:39'),(442,1,2,'img/user_1/2014/2/13/B00008579_21I5I2_20140213_1013424.JPG','2014','2','13','2014-03-07 12:09:39','2014-03-07 12:09:39','2014-03-07 12:09:39'),(443,1,2,'img/user_1/2014/2/13/B00008726_21I5I2_20140213_1047504.JPG','2014','2','13','2014-03-07 12:09:39','2014-03-07 12:09:39','2014-03-07 12:09:39'),(444,1,2,'img/user_1/2014/2/13/B00008570_21I5I2_20140213_1011144.JPG','2014','2','13','2014-03-07 12:09:39','2014-03-07 12:09:39','2014-03-07 12:09:39'),(445,1,2,'img/user_1/2014/2/13/B00008732_21I5I2_20140213_1049024.JPG','2014','2','13','2014-03-07 12:09:39','2014-03-07 12:09:39','2014-03-07 12:09:39'),(446,1,2,'img/user_1/2014/2/13/B00008654_21I5I2_20140213_1031054.JPG','2014','2','13','2014-03-07 12:09:39','2014-03-07 12:09:39','2014-03-07 12:09:39'),(447,1,2,'img/user_1/2014/2/13/B00008665_21I5I2_20140213_1033304.JPG','2014','2','13','2014-03-07 12:09:39','2014-03-07 12:09:39','2014-03-07 12:09:39'),(448,1,2,'img/user_1/2014/2/13/B00008691_21I5I2_20140213_1039564.JPG','2014','2','13','2014-03-07 12:09:39','2014-03-07 12:09:39','2014-03-07 12:09:39'),(449,1,2,'img/user_1/2014/2/13/B00008615_21I5I2_20140213_1022374.JPG','2014','2','13','2014-03-07 12:09:39','2014-03-07 12:09:39','2014-03-07 12:09:39'),(450,1,2,'img/user_1/2014/2/13/B00008618_21I5I2_20140213_1023124.JPG','2014','2','13','2014-03-07 12:09:39','2014-03-07 12:09:39','2014-03-07 12:09:39'),(451,1,2,'img/user_1/2014/2/13/B00008675_21I5I2_20140213_1035564.JPG','2014','2','13','2014-03-07 12:09:39','2014-03-07 12:09:39','2014-03-07 12:09:39'),(452,1,2,'img/user_1/2014/2/13/B00008578_21I5I2_20140213_1013254.JPG','2014','2','13','2014-03-07 12:09:39','2014-03-07 12:09:39','2014-03-07 12:09:39'),(453,1,2,'img/user_1/2014/2/13/B00008705_21I5I2_20140213_1042554.JPG','2014','2','13','2014-03-07 12:09:39','2014-03-07 12:09:39','2014-03-07 12:09:39'),(454,1,2,'img/user_1/2014/2/13/B00008624_21I5I2_20140213_1024324.JPG','2014','2','13','2014-03-07 12:09:39','2014-03-07 12:09:39','2014-03-07 12:09:39'),(455,1,2,'img/user_1/2014/2/13/B00008602_21I5I2_20140213_1019264.JPG','2014','2','13','2014-03-07 12:09:39','2014-03-07 12:09:39','2014-03-07 12:09:39'),(456,1,2,'img/user_1/2014/2/13/B00008541_21I5I2_20140213_1004194.JPG','2014','2','13','2014-03-07 12:09:39','2014-03-07 12:09:39','2014-03-07 12:09:39'),(457,1,2,'img/user_1/2014/2/13/B00008727_21I5I2_20140213_1048014.JPG','2014','2','13','2014-03-07 12:09:39','2014-03-07 12:09:39','2014-03-07 12:09:39'),(458,1,2,'img/user_1/2014/2/13/B00008709_21I5I2_20140213_1043464.JPG','2014','2','13','2014-03-07 12:09:39','2014-03-07 12:09:39','2014-03-07 12:09:39'),(459,1,2,'img/user_1/2014/2/13/B00008684_21I5I2_20140213_1038264.JPG','2014','2','13','2014-03-07 12:09:39','2014-03-07 12:09:39','2014-03-07 12:09:39'),(460,1,2,'img/user_1/2014/2/13/B00008632_21I5I2_20140213_1026304.JPG','2014','2','13','2014-03-07 12:09:39','2014-03-07 12:09:39','2014-03-07 12:09:39'),(461,1,2,'img/user_1/2014/2/13/B00008716_21I5I2_20140213_1045124.JPG','2014','2','13','2014-03-07 12:09:39','2014-03-07 12:09:39','2014-03-07 12:09:39'),(462,1,2,'img/user_1/2014/2/13/B00008545_21I5I2_20140213_1005254.JPG','2014','2','13','2014-03-07 12:09:39','2014-03-07 12:09:39','2014-03-07 12:09:39'),(463,1,2,'img/user_1/2014/2/13/B00008603_21I5I2_20140213_1019424.JPG','2014','2','13','2014-03-07 12:09:39','2014-03-07 12:09:39','2014-03-07 12:09:39'),(464,1,2,'img/user_1/2014/2/13/B00008555_21I5I2_20140213_1007324.JPG','2014','2','13','2014-03-07 12:09:39','2014-03-07 12:09:39','2014-03-07 12:09:39'),(465,1,3,'img/user_1/2014/2/16/B00001688_21I5I2_20140216_1446044.JPG','2014','2','16','2014-03-07 14:34:01','2014-03-07 14:34:01','2014-03-07 14:34:01'),(466,1,3,'img/user_1/2014/2/16/B00001614_21I5I2_20140216_1430174.JPG','2014','2','16','2014-03-07 14:34:01','2014-03-07 14:34:01','2014-03-07 14:34:01'),(467,1,3,'img/user_1/2014/2/16/B00001661_21I5I2_20140216_1439564.JPG','2014','2','16','2014-03-07 14:34:01','2014-03-07 14:34:01','2014-03-07 14:34:01'),(468,1,3,'img/user_1/2014/2/16/B00001561_21I5I2_20140216_1419174.JPG','2014','2','16','2014-03-07 14:34:01','2014-03-07 14:34:01','2014-03-07 14:34:01'),(469,1,3,'img/user_1/2014/2/16/B00001613_21I5I2_20140216_1430064.JPG','2014','2','16','2014-03-07 14:34:01','2014-03-07 14:34:01','2014-03-07 14:34:01'),(470,1,3,'img/user_1/2014/2/16/B00001597_21I5I2_20140216_1426404.JPG','2014','2','16','2014-03-07 14:34:01','2014-03-07 14:34:01','2014-03-07 14:34:01'),(471,1,3,'img/user_1/2014/2/16/B00001623_21I5I2_20140216_1432084.JPG','2014','2','16','2014-03-07 14:34:01','2014-03-07 14:34:01','2014-03-07 14:34:01'),(472,1,3,'img/user_1/2014/2/16/B00001691_21I5I2_20140216_1446384.JPG','2014','2','16','2014-03-07 14:34:01','2014-03-07 14:34:01','2014-03-07 14:34:01'),(473,1,3,'img/user_1/2014/2/16/B00001647_21I5I2_20140216_1436534.JPG','2014','2','16','2014-03-07 14:34:01','2014-03-07 14:34:01','2014-03-07 14:34:01'),(474,1,3,'img/user_1/2014/2/16/B00001489_21I5I2_20140216_1404184.JPG','2014','2','16','2014-03-07 14:34:01','2014-03-07 14:34:01','2014-03-07 14:34:01'),(475,1,3,'img/user_1/2014/2/16/B00001552_21I5I2_20140216_1417184.JPG','2014','2','16','2014-03-07 14:34:01','2014-03-07 14:34:01','2014-03-07 14:34:01'),(476,1,3,'img/user_1/2014/2/16/B00001654_21I5I2_20140216_1438174.JPG','2014','2','16','2014-03-07 14:34:01','2014-03-07 14:34:01','2014-03-07 14:34:01'),(477,1,3,'img/user_1/2014/2/16/B00001667_21I5I2_20140216_1441124.JPG','2014','2','16','2014-03-07 14:34:01','2014-03-07 14:34:01','2014-03-07 14:34:01'),(478,1,3,'img/user_1/2014/2/16/B00001606_21I5I2_20140216_1428354.JPG','2014','2','16','2014-03-07 14:34:01','2014-03-07 14:34:01','2014-03-07 14:34:01'),(479,1,3,'img/user_1/2014/2/16/B00001711_21I5I2_20140216_1451184.JPG','2014','2','16','2014-03-07 14:34:01','2014-03-07 14:34:01','2014-03-07 14:34:01'),(480,1,3,'img/user_1/2014/2/16/B00001576_21I5I2_20140216_1422274.JPG','2014','2','16','2014-03-07 14:34:01','2014-03-07 14:34:01','2014-03-07 14:34:01'),(481,1,3,'img/user_1/2014/2/16/B00001583_21I5I2_20140216_1423514.JPG','2014','2','16','2014-03-07 14:34:01','2014-03-07 14:34:01','2014-03-07 14:34:01'),(482,1,3,'img/user_1/2014/2/16/B00001500_21I5I2_20140216_1406364.JPG','2014','2','16','2014-03-07 14:34:01','2014-03-07 14:34:01','2014-03-07 14:34:01'),(483,1,3,'img/user_1/2014/2/16/B00001642_21I5I2_20140216_1435574.JPG','2014','2','16','2014-03-07 14:34:01','2014-03-07 14:34:01','2014-03-07 14:34:01'),(484,1,3,'img/user_1/2014/2/16/B00001544_21I5I2_20140216_1415464.JPG','2014','2','16','2014-03-07 14:34:01','2014-03-07 14:34:01','2014-03-07 14:34:01'),(485,1,3,'img/user_1/2014/2/16/B00001484_21I5I2_20140216_1403214.JPG','2014','2','16','2014-03-07 14:34:01','2014-03-07 14:34:01','2014-03-07 14:34:01'),(486,1,3,'img/user_1/2014/2/16/B00001503_21I5I2_20140216_1407094.JPG','2014','2','16','2014-03-07 14:34:01','2014-03-07 14:34:01','2014-03-07 14:34:01'),(487,1,3,'img/user_1/2014/2/16/B00001557_21I5I2_20140216_1418244.JPG','2014','2','16','2014-03-07 14:34:01','2014-03-07 14:34:01','2014-03-07 14:34:01'),(488,1,3,'img/user_1/2014/2/16/B00001602_21I5I2_20140216_1427374.JPG','2014','2','16','2014-03-07 14:34:01','2014-03-07 14:34:01','2014-03-07 14:34:01'),(489,1,3,'img/user_1/2014/2/16/B00001657_21I5I2_20140216_1438534.JPG','2014','2','16','2014-03-07 14:34:01','2014-03-07 14:34:01','2014-03-07 14:34:01'),(490,1,3,'img/user_1/2014/2/16/B00001540_21I5I2_20140216_1414554.JPG','2014','2','16','2014-03-07 14:34:01','2014-03-07 14:34:01','2014-03-07 14:34:01'),(491,1,3,'img/user_1/2014/2/16/B00001605_21I5I2_20140216_1428214.JPG','2014','2','16','2014-03-07 14:34:02','2014-03-07 14:34:02','2014-03-07 14:34:02'),(492,1,3,'img/user_1/2014/2/16/B00001558_21I5I2_20140216_1418344.JPG','2014','2','16','2014-03-07 14:34:02','2014-03-07 14:34:02','2014-03-07 14:34:02'),(493,1,3,'img/user_1/2014/2/16/B00001566_21I5I2_20140216_1420204.JPG','2014','2','16','2014-03-07 14:34:02','2014-03-07 14:34:02','2014-03-07 14:34:02'),(494,1,3,'img/user_1/2014/2/16/B00001582_21I5I2_20140216_1423394.JPG','2014','2','16','2014-03-07 14:34:02','2014-03-07 14:34:02','2014-03-07 14:34:02'),(495,1,3,'img/user_1/2014/2/16/B00001516_21I5I2_20140216_1409514.JPG','2014','2','16','2014-03-07 14:34:02','2014-03-07 14:34:02','2014-03-07 14:34:02'),(496,1,3,'img/user_1/2014/2/16/B00001699_21I5I2_20140216_1448514.JPG','2014','2','16','2014-03-07 14:34:02','2014-03-07 14:34:02','2014-03-07 14:34:02'),(497,1,3,'img/user_1/2014/2/16/B00001591_21I5I2_20140216_1425294.JPG','2014','2','16','2014-03-07 14:34:02','2014-03-07 14:34:02','2014-03-07 14:34:02'),(498,1,3,'img/user_1/2014/2/16/B00001683_21I5I2_20140216_1444484.JPG','2014','2','16','2014-03-07 14:34:02','2014-03-07 14:34:02','2014-03-07 14:34:02'),(499,1,3,'img/user_1/2014/2/16/B00001588_21I5I2_20140216_1424564.JPG','2014','2','16','2014-03-07 14:34:02','2014-03-07 14:34:02','2014-03-07 14:34:02'),(500,1,3,'img/user_1/2014/2/16/B00001666_21I5I2_20140216_1440554.JPG','2014','2','16','2014-03-07 14:34:02','2014-03-07 14:34:02','2014-03-07 14:34:02'),(501,1,3,'img/user_1/2014/2/16/B00001546_21I5I2_20140216_1416114.JPG','2014','2','16','2014-03-07 14:34:02','2014-03-07 14:34:02','2014-03-07 14:34:02'),(502,1,3,'img/user_1/2014/2/16/B00001589_21I5I2_20140216_1425064.JPG','2014','2','16','2014-03-07 14:34:02','2014-03-07 14:34:02','2014-03-07 14:34:02'),(503,1,3,'img/user_1/2014/2/16/B00001468_21I5I2_20140216_1400024.JPG','2014','2','16','2014-03-07 14:34:02','2014-03-07 14:34:02','2014-03-07 14:34:02'),(504,1,3,'img/user_1/2014/2/16/B00001616_21I5I2_20140216_1430434.JPG','2014','2','16','2014-03-07 14:34:02','2014-03-07 14:34:02','2014-03-07 14:34:02'),(505,1,3,'img/user_1/2014/2/16/B00001539_21I5I2_20140216_1414444.JPG','2014','2','16','2014-03-07 14:34:02','2014-03-07 14:34:02','2014-03-07 14:34:02'),(506,1,3,'img/user_1/2014/2/16/B00001594_21I5I2_20140216_1426044.JPG','2014','2','16','2014-03-07 14:34:02','2014-03-07 14:34:02','2014-03-07 14:34:02'),(507,1,3,'img/user_1/2014/2/16/B00001644_21I5I2_20140216_1436184.JPG','2014','2','16','2014-03-07 14:34:02','2014-03-07 14:34:02','2014-03-07 14:34:02'),(508,1,3,'img/user_1/2014/2/16/B00001632_21I5I2_20140216_1433504.JPG','2014','2','16','2014-03-07 14:34:02','2014-03-07 14:34:02','2014-03-07 14:34:02'),(509,1,3,'img/user_1/2014/2/16/B00001634_21I5I2_20140216_1434144.JPG','2014','2','16','2014-03-07 14:34:02','2014-03-07 14:34:02','2014-03-07 14:34:02'),(510,1,3,'img/user_1/2014/2/16/B00001511_21I5I2_20140216_1408484.JPG','2014','2','16','2014-03-07 14:34:02','2014-03-07 14:34:02','2014-03-07 14:34:02'),(511,1,3,'img/user_1/2014/2/16/B00001609_21I5I2_20140216_1429214.JPG','2014','2','16','2014-03-07 14:34:02','2014-03-07 14:34:02','2014-03-07 14:34:02'),(512,1,3,'img/user_1/2014/2/16/B00001567_21I5I2_20140216_1420334.JPG','2014','2','16','2014-03-07 14:34:02','2014-03-07 14:34:02','2014-03-07 14:34:02'),(513,1,3,'img/user_1/2014/2/16/B00001649_21I5I2_20140216_1437184.JPG','2014','2','16','2014-03-07 14:34:02','2014-03-07 14:34:02','2014-03-07 14:34:02'),(514,1,3,'img/user_1/2014/2/16/B00001571_21I5I2_20140216_1421274.JPG','2014','2','16','2014-03-07 14:34:02','2014-03-07 14:34:02','2014-03-07 14:34:02'),(515,1,3,'img/user_1/2014/2/16/B00001550_21I5I2_20140216_1416564.JPG','2014','2','16','2014-03-07 14:34:02','2014-03-07 14:34:02','2014-03-07 14:34:02'),(516,1,3,'img/user_1/2014/2/16/B00001584_21I5I2_20140216_1424064.JPG','2014','2','16','2014-03-07 14:34:02','2014-03-07 14:34:02','2014-03-07 14:34:02'),(517,1,3,'img/user_1/2014/2/16/B00001724_21I5I2_20140216_1453564.JPG','2014','2','16','2014-03-07 14:34:02','2014-03-07 14:34:02','2014-03-07 14:34:02'),(518,1,3,'img/user_1/2014/2/16/B00001498_21I5I2_20140216_1406144.JPG','2014','2','16','2014-03-07 14:34:02','2014-03-07 14:34:02','2014-03-07 14:34:02'),(519,1,3,'img/user_1/2014/2/16/B00001738_21I5I2_20140216_1456594.JPG','2014','2','16','2014-03-07 14:34:02','2014-03-07 14:34:02','2014-03-07 14:34:02'),(520,1,3,'img/user_1/2014/2/16/B00001708_21I5I2_20140216_1450444.JPG','2014','2','16','2014-03-07 14:34:02','2014-03-07 14:34:02','2014-03-07 14:34:02'),(521,1,3,'img/user_1/2014/2/16/B00001684_21I5I2_20140216_1445024.JPG','2014','2','16','2014-03-07 14:34:02','2014-03-07 14:34:02','2014-03-07 14:34:02'),(522,1,3,'img/user_1/2014/2/16/B00001709_21I5I2_20140216_1450554.JPG','2014','2','16','2014-03-07 14:34:02','2014-03-07 14:34:02','2014-03-07 14:34:02'),(523,1,3,'img/user_1/2014/2/16/B00001472_21I5I2_20140216_1400494.JPG','2014','2','16','2014-03-07 14:34:02','2014-03-07 14:34:02','2014-03-07 14:34:02'),(524,1,3,'img/user_1/2014/2/16/B00001556_21I5I2_20140216_1418104.JPG','2014','2','16','2014-03-07 14:34:02','2014-03-07 14:34:02','2014-03-07 14:34:02'),(525,1,3,'img/user_1/2014/2/16/B00001604_21I5I2_20140216_1428104.JPG','2014','2','16','2014-03-07 14:34:02','2014-03-07 14:34:02','2014-03-07 14:34:02'),(526,1,3,'img/user_1/2014/2/16/B00001570_21I5I2_20140216_1421154.JPG','2014','2','16','2014-03-07 14:34:03','2014-03-07 14:34:03','2014-03-07 14:34:03'),(527,1,3,'img/user_1/2014/2/16/B00001508_21I5I2_20140216_1408044.JPG','2014','2','16','2014-03-07 14:34:03','2014-03-07 14:34:03','2014-03-07 14:34:03'),(528,1,3,'img/user_1/2014/2/16/B00001555_21I5I2_20140216_1418004.JPG','2014','2','16','2014-03-07 14:34:03','2014-03-07 14:34:03','2014-03-07 14:34:03'),(529,1,3,'img/user_1/2014/2/16/B00001575_21I5I2_20140216_1422164.JPG','2014','2','16','2014-03-07 14:34:03','2014-03-07 14:34:03','2014-03-07 14:34:03'),(530,1,3,'img/user_1/2014/2/16/B00001497_21I5I2_20140216_1405594.JPG','2014','2','16','2014-03-07 14:34:03','2014-03-07 14:34:03','2014-03-07 14:34:03'),(531,1,3,'img/user_1/2014/2/16/B00001652_21I5I2_20140216_1437564.JPG','2014','2','16','2014-03-07 14:34:03','2014-03-07 14:34:03','2014-03-07 14:34:03'),(532,1,3,'img/user_1/2014/2/16/B00001586_21I5I2_20140216_1424314.JPG','2014','2','16','2014-03-07 14:34:03','2014-03-07 14:34:03','2014-03-07 14:34:03'),(533,1,3,'img/user_1/2014/2/16/B00001579_21I5I2_20140216_1423024.JPG','2014','2','16','2014-03-07 14:34:03','2014-03-07 14:34:03','2014-03-07 14:34:03'),(534,1,3,'img/user_1/2014/2/16/B00001702_21I5I2_20140216_1449364.JPG','2014','2','16','2014-03-07 14:34:03','2014-03-07 14:34:03','2014-03-07 14:34:03'),(535,1,3,'img/user_1/2014/2/16/B00001677_21I5I2_20140216_1443084.JPG','2014','2','16','2014-03-07 14:34:03','2014-03-07 14:34:03','2014-03-07 14:34:03'),(536,1,3,'img/user_1/2014/2/16/B00001720_21I5I2_20140216_1453054.JPG','2014','2','16','2014-03-07 14:34:03','2014-03-07 14:34:03','2014-03-07 14:34:03'),(537,1,3,'img/user_1/2014/2/16/B00001722_21I5I2_20140216_1453294.JPG','2014','2','16','2014-03-07 14:34:03','2014-03-07 14:34:03','2014-03-07 14:34:03'),(538,1,3,'img/user_1/2014/2/16/B00001529_21I5I2_20140216_1412344.JPG','2014','2','16','2014-03-07 14:34:03','2014-03-07 14:34:03','2014-03-07 14:34:03'),(539,1,3,'img/user_1/2014/2/16/B00001681_21I5I2_20140216_1444234.JPG','2014','2','16','2014-03-07 14:34:03','2014-03-07 14:34:03','2014-03-07 14:34:03'),(540,1,3,'img/user_1/2014/2/16/B00001665_21I5I2_20140216_1440444.JPG','2014','2','16','2014-03-07 14:34:03','2014-03-07 14:34:03','2014-03-07 14:34:03'),(541,1,3,'img/user_1/2014/2/16/B00001494_21I5I2_20140216_1405184.JPG','2014','2','16','2014-03-07 14:34:03','2014-03-07 14:34:03','2014-03-07 14:34:03'),(542,1,3,'img/user_1/2014/2/16/B00001502_21I5I2_20140216_1406584.JPG','2014','2','16','2014-03-07 14:34:03','2014-03-07 14:34:03','2014-03-07 14:34:03'),(543,1,3,'img/user_1/2014/2/16/B00001669_21I5I2_20140216_1441354.JPG','2014','2','16','2014-03-07 14:34:03','2014-03-07 14:34:03','2014-03-07 14:34:03'),(544,1,3,'img/user_1/2014/2/16/B00001725_21I5I2_20140216_1454114.JPG','2014','2','16','2014-03-07 14:34:03','2014-03-07 14:34:03','2014-03-07 14:34:03'),(545,1,3,'img/user_1/2014/2/16/B00001730_21I5I2_20140216_1455114.JPG','2014','2','16','2014-03-07 14:34:03','2014-03-07 14:34:03','2014-03-07 14:34:03'),(546,1,3,'img/user_1/2014/2/16/B00001521_21I5I2_20140216_1410554.JPG','2014','2','16','2014-03-07 14:34:03','2014-03-07 14:34:03','2014-03-07 14:34:03'),(547,1,3,'img/user_1/2014/2/16/B00001731_21I5I2_20140216_1455354.JPG','2014','2','16','2014-03-07 14:34:03','2014-03-07 14:34:03','2014-03-07 14:34:03'),(548,1,3,'img/user_1/2014/2/16/B00001690_21I5I2_20140216_1446264.JPG','2014','2','16','2014-03-07 14:34:03','2014-03-07 14:34:03','2014-03-07 14:34:03'),(549,1,3,'img/user_1/2014/2/16/B00001626_21I5I2_20140216_1432424.JPG','2014','2','16','2014-03-07 14:34:03','2014-03-07 14:34:03','2014-03-07 14:34:03'),(550,1,3,'img/user_1/2014/2/16/B00001612_21I5I2_20140216_1429544.JPG','2014','2','16','2014-03-07 14:34:03','2014-03-07 14:34:03','2014-03-07 14:34:03'),(551,1,3,'img/user_1/2014/2/16/B00001493_21I5I2_20140216_1405084.JPG','2014','2','16','2014-03-07 14:34:03','2014-03-07 14:34:03','2014-03-07 14:34:03'),(552,1,3,'img/user_1/2014/2/16/B00001505_21I5I2_20140216_1407314.JPG','2014','2','16','2014-03-07 14:34:03','2014-03-07 14:34:03','2014-03-07 14:34:03'),(553,1,3,'img/user_1/2014/2/16/B00001707_21I5I2_20140216_1450344.JPG','2014','2','16','2014-03-07 14:34:03','2014-03-07 14:34:03','2014-03-07 14:34:03'),(554,1,3,'img/user_1/2014/2/16/B00001662_21I5I2_20140216_1440074.JPG','2014','2','16','2014-03-07 14:34:03','2014-03-07 14:34:03','2014-03-07 14:34:03'),(555,1,3,'img/user_1/2014/2/16/B00001640_21I5I2_20140216_1435284.JPG','2014','2','16','2014-03-07 14:34:03','2014-03-07 14:34:03','2014-03-07 14:34:03'),(556,1,3,'img/user_1/2014/2/16/B00001510_21I5I2_20140216_1408344.JPG','2014','2','16','2014-03-07 14:34:03','2014-03-07 14:34:03','2014-03-07 14:34:03'),(557,1,3,'img/user_1/2014/2/16/B00001577_21I5I2_20140216_1422394.JPG','2014','2','16','2014-03-07 14:34:03','2014-03-07 14:34:03','2014-03-07 14:34:03'),(558,1,3,'img/user_1/2014/2/16/B00001536_21I5I2_20140216_1414014.JPG','2014','2','16','2014-03-07 14:34:03','2014-03-07 14:34:03','2014-03-07 14:34:03'),(559,1,3,'img/user_1/2014/2/16/B00001719_21I5I2_20140216_1452494.JPG','2014','2','16','2014-03-07 14:34:03','2014-03-07 14:34:03','2014-03-07 14:34:03'),(560,1,3,'img/user_1/2014/2/16/B00001547_21I5I2_20140216_1416224.JPG','2014','2','16','2014-03-07 14:34:04','2014-03-07 14:34:04','2014-03-07 14:34:04'),(561,1,3,'img/user_1/2014/2/16/B00001534_21I5I2_20140216_1413304.JPG','2014','2','16','2014-03-07 14:34:04','2014-03-07 14:34:04','2014-03-07 14:34:04'),(562,1,3,'img/user_1/2014/2/16/B00001633_21I5I2_20140216_1434034.JPG','2014','2','16','2014-03-07 14:34:04','2014-03-07 14:34:04','2014-03-07 14:34:04'),(563,1,3,'img/user_1/2014/2/16/B00001646_21I5I2_20140216_1436424.JPG','2014','2','16','2014-03-07 14:34:04','2014-03-07 14:34:04','2014-03-07 14:34:04'),(564,1,3,'img/user_1/2014/2/16/B00001506_21I5I2_20140216_1407424.JPG','2014','2','16','2014-03-07 14:34:04','2014-03-07 14:34:04','2014-03-07 14:34:04'),(565,1,3,'img/user_1/2014/2/16/B00001715_21I5I2_20140216_1452084.JPG','2014','2','16','2014-03-07 14:34:04','2014-03-07 14:34:04','2014-03-07 14:34:04'),(566,1,3,'img/user_1/2014/2/16/B00001635_21I5I2_20140216_1434254.JPG','2014','2','16','2014-03-07 14:34:04','2014-03-07 14:34:04','2014-03-07 14:34:04'),(567,1,3,'img/user_1/2014/2/16/B00001701_21I5I2_20140216_1449234.JPG','2014','2','16','2014-03-07 14:34:04','2014-03-07 14:34:04','2014-03-07 14:34:04'),(568,1,3,'img/user_1/2014/2/16/B00001499_21I5I2_20140216_1406254.JPG','2014','2','16','2014-03-07 14:34:04','2014-03-07 14:34:04','2014-03-07 14:34:04'),(569,1,3,'img/user_1/2014/2/16/B00001514_21I5I2_20140216_1409284.JPG','2014','2','16','2014-03-07 14:34:04','2014-03-07 14:34:04','2014-03-07 14:34:04'),(570,1,3,'img/user_1/2014/2/16/B00001533_21I5I2_20140216_1413204.JPG','2014','2','16','2014-03-07 14:34:04','2014-03-07 14:34:04','2014-03-07 14:34:04'),(571,1,3,'img/user_1/2014/2/16/B00001617_21I5I2_20140216_1430544.JPG','2014','2','16','2014-03-07 14:34:04','2014-03-07 14:34:04','2014-03-07 14:34:04'),(572,1,3,'img/user_1/2014/2/16/B00001587_21I5I2_20140216_1424444.JPG','2014','2','16','2014-03-07 14:34:04','2014-03-07 14:34:04','2014-03-07 14:34:04'),(573,1,3,'img/user_1/2014/2/16/B00001624_21I5I2_20140216_1432194.JPG','2014','2','16','2014-03-07 14:34:04','2014-03-07 14:34:04','2014-03-07 14:34:04'),(574,1,3,'img/user_1/2014/2/16/B00001517_21I5I2_20140216_1410064.JPG','2014','2','16','2014-03-07 14:34:04','2014-03-07 14:34:04','2014-03-07 14:34:04'),(575,1,3,'img/user_1/2014/2/16/B00001519_21I5I2_20140216_1410324.JPG','2014','2','16','2014-03-07 14:34:04','2014-03-07 14:34:04','2014-03-07 14:34:04'),(576,1,3,'img/user_1/2014/2/16/B00001628_21I5I2_20140216_1433044.JPG','2014','2','16','2014-03-07 14:34:04','2014-03-07 14:34:04','2014-03-07 14:34:04'),(577,1,3,'img/user_1/2014/2/16/B00001680_21I5I2_20140216_1444024.JPG','2014','2','16','2014-03-07 14:34:04','2014-03-07 14:34:04','2014-03-07 14:34:04'),(578,1,3,'img/user_1/2014/2/16/B00001482_21I5I2_20140216_1402534.JPG','2014','2','16','2014-03-07 14:34:04','2014-03-07 14:34:04','2014-03-07 14:34:04'),(579,1,3,'img/user_1/2014/2/16/B00001531_21I5I2_20140216_1412564.JPG','2014','2','16','2014-03-07 14:34:04','2014-03-07 14:34:04','2014-03-07 14:34:04'),(580,1,3,'img/user_1/2014/2/16/B00001620_21I5I2_20140216_1431314.JPG','2014','2','16','2014-03-07 14:34:04','2014-03-07 14:34:04','2014-03-07 14:34:04'),(581,1,3,'img/user_1/2014/2/16/B00001744_21I5I2_20140216_1458274.JPG','2014','2','16','2014-03-07 14:34:04','2014-03-07 14:34:04','2014-03-07 14:34:04'),(582,1,3,'img/user_1/2014/2/16/B00001686_21I5I2_20140216_1445414.JPG','2014','2','16','2014-03-07 14:34:04','2014-03-07 14:34:04','2014-03-07 14:34:04'),(583,1,3,'img/user_1/2014/2/16/B00001712_21I5I2_20140216_1451304.JPG','2014','2','16','2014-03-07 14:34:04','2014-03-07 14:34:04','2014-03-07 14:34:04'),(584,1,3,'img/user_1/2014/2/16/B00001674_21I5I2_20140216_1442304.JPG','2014','2','16','2014-03-07 14:34:04','2014-03-07 14:34:04','2014-03-07 14:34:04'),(585,1,3,'img/user_1/2014/2/16/B00001580_21I5I2_20140216_1423174.JPG','2014','2','16','2014-03-07 14:34:04','2014-03-07 14:34:04','2014-03-07 14:34:04'),(586,1,3,'img/user_1/2014/2/16/B00001512_21I5I2_20140216_1408594.JPG','2014','2','16','2014-03-07 14:34:04','2014-03-07 14:34:04','2014-03-07 14:34:04'),(587,1,3,'img/user_1/2014/2/16/B00001599_21I5I2_20140216_1427044.JPG','2014','2','16','2014-03-07 14:34:04','2014-03-07 14:34:04','2014-03-07 14:34:04'),(588,1,3,'img/user_1/2014/2/16/B00001664_21I5I2_20140216_1440334.JPG','2014','2','16','2014-03-07 14:34:04','2014-03-07 14:34:04','2014-03-07 14:34:04'),(589,1,3,'img/user_1/2014/2/16/B00001535_21I5I2_20140216_1413514.JPG','2014','2','16','2014-03-07 14:34:04','2014-03-07 14:34:04','2014-03-07 14:34:04'),(590,1,3,'img/user_1/2014/2/16/B00001687_21I5I2_20140216_1445534.JPG','2014','2','16','2014-03-07 14:34:04','2014-03-07 14:34:04','2014-03-07 14:34:04'),(591,1,3,'img/user_1/2014/2/16/B00001518_21I5I2_20140216_1410204.JPG','2014','2','16','2014-03-07 14:34:04','2014-03-07 14:34:04','2014-03-07 14:34:04'),(592,1,3,'img/user_1/2014/2/16/B00001596_21I5I2_20140216_1426254.JPG','2014','2','16','2014-03-07 14:34:04','2014-03-07 14:34:04','2014-03-07 14:34:04'),(593,1,3,'img/user_1/2014/2/16/B00001477_21I5I2_20140216_1401484.JPG','2014','2','16','2014-03-07 14:34:04','2014-03-07 14:34:04','2014-03-07 14:34:04'),(594,1,3,'img/user_1/2014/2/16/B00001565_21I5I2_20140216_1420034.JPG','2014','2','16','2014-03-07 14:34:04','2014-03-07 14:34:04','2014-03-07 14:34:04'),(595,1,3,'img/user_1/2014/2/16/B00001636_21I5I2_20140216_1434374.JPG','2014','2','16','2014-03-07 14:34:05','2014-03-07 14:34:05','2014-03-07 14:34:05'),(596,1,3,'img/user_1/2014/2/16/B00001525_21I5I2_20140216_1411494.JPG','2014','2','16','2014-03-07 14:34:05','2014-03-07 14:34:05','2014-03-07 14:34:05'),(597,1,3,'img/user_1/2014/2/16/B00001554_21I5I2_20140216_1417434.JPG','2014','2','16','2014-03-07 14:34:05','2014-03-07 14:34:05','2014-03-07 14:34:05'),(598,1,3,'img/user_1/2014/2/16/B00001537_21I5I2_20140216_1414194.JPG','2014','2','16','2014-03-07 14:34:05','2014-03-07 14:34:05','2014-03-07 14:34:05'),(599,1,3,'img/user_1/2014/2/16/B00001593_21I5I2_20140216_1425534.JPG','2014','2','16','2014-03-07 14:34:05','2014-03-07 14:34:05','2014-03-07 14:34:05'),(600,1,3,'img/user_1/2014/2/16/B00001603_21I5I2_20140216_1427554.JPG','2014','2','16','2014-03-07 14:34:05','2014-03-07 14:34:05','2014-03-07 14:34:05'),(601,1,3,'img/user_1/2014/2/16/B00001469_21I5I2_20140216_1400134.JPG','2014','2','16','2014-03-07 14:34:05','2014-03-07 14:34:05','2014-03-07 14:34:05'),(602,1,3,'img/user_1/2014/2/16/B00001704_21I5I2_20140216_1449594.JPG','2014','2','16','2014-03-07 14:34:05','2014-03-07 14:34:05','2014-03-07 14:34:05'),(603,1,3,'img/user_1/2014/2/16/B00001522_21I5I2_20140216_1411104.JPG','2014','2','16','2014-03-07 14:34:05','2014-03-07 14:34:05','2014-03-07 14:34:05'),(604,1,3,'img/user_1/2014/2/16/B00001668_21I5I2_20140216_1441234.JPG','2014','2','16','2014-03-07 14:34:05','2014-03-07 14:34:05','2014-03-07 14:34:05'),(605,1,3,'img/user_1/2014/2/16/B00001541_21I5I2_20140216_1415124.JPG','2014','2','16','2014-03-07 14:34:05','2014-03-07 14:34:05','2014-03-07 14:34:05'),(606,1,3,'img/user_1/2014/2/16/B00001479_21I5I2_20140216_1402114.JPG','2014','2','16','2014-03-07 14:34:05','2014-03-07 14:34:05','2014-03-07 14:34:05'),(607,1,3,'img/user_1/2014/2/16/B00001706_21I5I2_20140216_1450234.JPG','2014','2','16','2014-03-07 14:34:05','2014-03-07 14:34:05','2014-03-07 14:34:05'),(608,1,3,'img/user_1/2014/2/16/B00001578_21I5I2_20140216_1422514.JPG','2014','2','16','2014-03-07 14:34:05','2014-03-07 14:34:05','2014-03-07 14:34:05'),(609,1,3,'img/user_1/2014/2/16/B00001611_21I5I2_20140216_1429434.JPG','2014','2','16','2014-03-07 14:34:05','2014-03-07 14:34:05','2014-03-07 14:34:05'),(610,1,3,'img/user_1/2014/2/16/B00001598_21I5I2_20140216_1426504.JPG','2014','2','16','2014-03-07 14:34:05','2014-03-07 14:34:05','2014-03-07 14:34:05'),(611,1,3,'img/user_1/2014/2/16/B00001504_21I5I2_20140216_1407204.JPG','2014','2','16','2014-03-07 14:34:05','2014-03-07 14:34:05','2014-03-07 14:34:05'),(612,1,3,'img/user_1/2014/2/16/B00001548_21I5I2_20140216_1416324.JPG','2014','2','16','2014-03-07 14:34:05','2014-03-07 14:34:05','2014-03-07 14:34:05'),(613,1,3,'img/user_1/2014/2/16/B00001470_21I5I2_20140216_1400284.JPG','2014','2','16','2014-03-07 14:34:05','2014-03-07 14:34:05','2014-03-07 14:34:05'),(614,1,3,'img/user_1/2014/2/16/B00001520_21I5I2_20140216_1410434.JPG','2014','2','16','2014-03-07 14:34:05','2014-03-07 14:34:05','2014-03-07 14:34:05'),(615,1,3,'img/user_1/2014/2/16/B00001750_21I5I2_20140216_1459404.JPG','2014','2','16','2014-03-07 14:34:05','2014-03-07 14:34:05','2014-03-07 14:34:05'),(616,1,3,'img/user_1/2014/2/16/B00001717_21I5I2_20140216_1452294.JPG','2014','2','16','2014-03-07 14:34:05','2014-03-07 14:34:05','2014-03-07 14:34:05'),(617,1,3,'img/user_1/2014/2/16/B00001629_21I5I2_20140216_1433164.JPG','2014','2','16','2014-03-07 14:34:05','2014-03-07 14:34:05','2014-03-07 14:34:05'),(618,1,3,'img/user_1/2014/2/16/B00001742_21I5I2_20140216_1457594.JPG','2014','2','16','2014-03-07 14:34:05','2014-03-07 14:34:05','2014-03-07 14:34:05'),(619,1,3,'img/user_1/2014/2/16/B00001569_21I5I2_20140216_1420564.JPG','2014','2','16','2014-03-07 14:34:05','2014-03-07 14:34:05','2014-03-07 14:34:05'),(620,1,3,'img/user_1/2014/2/16/B00001530_21I5I2_20140216_1412454.JPG','2014','2','16','2014-03-07 14:34:05','2014-03-07 14:34:05','2014-03-07 14:34:05'),(621,1,3,'img/user_1/2014/2/16/B00001509_21I5I2_20140216_1408204.JPG','2014','2','16','2014-03-07 14:34:05','2014-03-07 14:34:05','2014-03-07 14:34:05'),(622,1,3,'img/user_1/2014/2/16/B00001559_21I5I2_20140216_1418494.JPG','2014','2','16','2014-03-07 14:34:05','2014-03-07 14:34:05','2014-03-07 14:34:05'),(623,1,3,'img/user_1/2014/2/16/B00001488_21I5I2_20140216_1404084.JPG','2014','2','16','2014-03-07 14:34:05','2014-03-07 14:34:05','2014-03-07 14:34:05'),(624,1,3,'img/user_1/2014/2/16/B00001621_21I5I2_20140216_1431424.JPG','2014','2','16','2014-03-07 14:34:05','2014-03-07 14:34:05','2014-03-07 14:34:05'),(625,1,3,'img/user_1/2014/2/16/B00001735_21I5I2_20140216_1456204.JPG','2014','2','16','2014-03-07 14:34:05','2014-03-07 14:34:05','2014-03-07 14:34:05'),(626,1,3,'img/user_1/2014/2/16/B00001682_21I5I2_20140216_1444354.JPG','2014','2','16','2014-03-07 14:34:05','2014-03-07 14:34:05','2014-03-07 14:34:05'),(627,1,3,'img/user_1/2014/2/16/B00001726_21I5I2_20140216_1454234.JPG','2014','2','16','2014-03-07 14:34:05','2014-03-07 14:34:05','2014-03-07 14:34:05'),(628,1,3,'img/user_1/2014/2/16/B00001627_21I5I2_20140216_1432534.JPG','2014','2','16','2014-03-07 14:34:05','2014-03-07 14:34:05','2014-03-07 14:34:05'),(629,1,3,'img/user_1/2014/2/16/B00001678_21I5I2_20140216_1443294.JPG','2014','2','16','2014-03-07 14:34:06','2014-03-07 14:34:06','2014-03-07 14:34:06'),(630,1,3,'img/user_1/2014/2/16/B00001734_21I5I2_20140216_1456094.JPG','2014','2','16','2014-03-07 14:34:06','2014-03-07 14:34:06','2014-03-07 14:34:06'),(631,1,3,'img/user_1/2014/2/16/B00001723_21I5I2_20140216_1453404.JPG','2014','2','16','2014-03-07 14:34:06','2014-03-07 14:34:06','2014-03-07 14:34:06'),(632,1,3,'img/user_1/2014/2/16/B00001638_21I5I2_20140216_1435024.JPG','2014','2','16','2014-03-07 14:34:06','2014-03-07 14:34:06','2014-03-07 14:34:06'),(633,1,3,'img/user_1/2014/2/16/B00001592_21I5I2_20140216_1425424.JPG','2014','2','16','2014-03-07 14:34:06','2014-03-07 14:34:06','2014-03-07 14:34:06'),(634,1,3,'img/user_1/2014/2/16/B00001675_21I5I2_20140216_1442404.JPG','2014','2','16','2014-03-07 14:34:06','2014-03-07 14:34:06','2014-03-07 14:34:06'),(635,1,3,'img/user_1/2014/2/16/B00001538_21I5I2_20140216_1414304.JPG','2014','2','16','2014-03-07 14:34:06','2014-03-07 14:34:06','2014-03-07 14:34:06'),(636,1,3,'img/user_1/2014/2/16/B00001527_21I5I2_20140216_1412114.JPG','2014','2','16','2014-03-07 14:34:06','2014-03-07 14:34:06','2014-03-07 14:34:06'),(637,1,3,'img/user_1/2014/2/16/B00001751_21I5I2_20140216_1459524.JPG','2014','2','16','2014-03-07 14:34:06','2014-03-07 14:34:06','2014-03-07 14:34:06'),(638,1,3,'img/user_1/2014/2/16/B00001496_21I5I2_20140216_1405484.JPG','2014','2','16','2014-03-07 14:34:06','2014-03-07 14:34:06','2014-03-07 14:34:06'),(639,1,3,'img/user_1/2014/2/16/B00001663_21I5I2_20140216_1440194.JPG','2014','2','16','2014-03-07 14:34:06','2014-03-07 14:34:06','2014-03-07 14:34:06'),(640,1,3,'img/user_1/2014/2/16/B00001481_21I5I2_20140216_1402374.JPG','2014','2','16','2014-03-07 14:34:06','2014-03-07 14:34:06','2014-03-07 14:34:06'),(641,1,3,'img/user_1/2014/2/16/B00001741_21I5I2_20140216_1457474.JPG','2014','2','16','2014-03-07 14:34:06','2014-03-07 14:34:06','2014-03-07 14:34:06'),(642,1,3,'img/user_1/2014/2/16/B00001543_21I5I2_20140216_1415344.JPG','2014','2','16','2014-03-07 14:34:06','2014-03-07 14:34:06','2014-03-07 14:34:06'),(643,1,3,'img/user_1/2014/2/16/B00001736_21I5I2_20140216_1456324.JPG','2014','2','16','2014-03-07 14:34:06','2014-03-07 14:34:06','2014-03-07 14:34:06'),(644,1,3,'img/user_1/2014/2/16/B00001532_21I5I2_20140216_1413094.JPG','2014','2','16','2014-03-07 14:34:06','2014-03-07 14:34:06','2014-03-07 14:34:06'),(645,1,3,'img/user_1/2014/2/16/B00001524_21I5I2_20140216_1411354.JPG','2014','2','16','2014-03-07 14:34:06','2014-03-07 14:34:06','2014-03-07 14:34:06'),(646,1,3,'img/user_1/2014/2/16/B00001545_21I5I2_20140216_1415574.JPG','2014','2','16','2014-03-07 14:34:06','2014-03-07 14:34:06','2014-03-07 14:34:06'),(647,1,3,'img/user_1/2014/2/16/B00001696_21I5I2_20140216_1447484.JPG','2014','2','16','2014-03-07 14:34:06','2014-03-07 14:34:06','2014-03-07 14:34:06'),(648,1,3,'img/user_1/2014/2/16/B00001637_21I5I2_20140216_1434494.JPG','2014','2','16','2014-03-07 14:34:06','2014-03-07 14:34:06','2014-03-07 14:34:06'),(649,1,3,'img/user_1/2014/2/16/B00001549_21I5I2_20140216_1416434.JPG','2014','2','16','2014-03-07 14:34:06','2014-03-07 14:34:06','2014-03-07 14:34:06'),(650,1,3,'img/user_1/2014/2/16/B00001685_21I5I2_20140216_1445244.JPG','2014','2','16','2014-03-07 14:34:06','2014-03-07 14:34:06','2014-03-07 14:34:06'),(651,1,3,'img/user_1/2014/2/16/B00001703_21I5I2_20140216_1449474.JPG','2014','2','16','2014-03-07 14:34:06','2014-03-07 14:34:06','2014-03-07 14:34:06'),(652,1,3,'img/user_1/2014/2/16/B00001648_21I5I2_20140216_1437054.JPG','2014','2','16','2014-03-07 14:34:06','2014-03-07 14:34:06','2014-03-07 14:34:06'),(653,1,3,'img/user_1/2014/2/16/B00001564_21I5I2_20140216_1419534.JPG','2014','2','16','2014-03-07 14:34:06','2014-03-07 14:34:06','2014-03-07 14:34:06'),(654,1,3,'img/user_1/2014/2/16/B00001747_21I5I2_20140216_1459024.JPG','2014','2','16','2014-03-07 14:34:06','2014-03-07 14:34:06','2014-03-07 14:34:06'),(655,1,3,'img/user_1/2014/2/16/B00001615_21I5I2_20140216_1430284.JPG','2014','2','16','2014-03-07 14:34:06','2014-03-07 14:34:06','2014-03-07 14:34:06'),(656,1,3,'img/user_1/2014/2/16/B00001710_21I5I2_20140216_1451084.JPG','2014','2','16','2014-03-07 14:34:06','2014-03-07 14:34:06','2014-03-07 14:34:06'),(657,1,3,'img/user_1/2014/2/16/B00001650_21I5I2_20140216_1437294.JPG','2014','2','16','2014-03-07 14:34:06','2014-03-07 14:34:06','2014-03-07 14:34:06'),(658,1,3,'img/user_1/2014/2/16/B00001542_21I5I2_20140216_1415234.JPG','2014','2','16','2014-03-07 14:34:06','2014-03-07 14:34:06','2014-03-07 14:34:06'),(659,1,3,'img/user_1/2014/2/16/B00001622_21I5I2_20140216_1431544.JPG','2014','2','16','2014-03-07 14:34:06','2014-03-07 14:34:06','2014-03-07 14:34:06'),(660,1,3,'img/user_1/2014/2/16/B00001745_21I5I2_20140216_1458394.JPG','2014','2','16','2014-03-07 14:34:06','2014-03-07 14:34:06','2014-03-07 14:34:06'),(661,1,3,'img/user_1/2014/2/16/B00001749_21I5I2_20140216_1459254.JPG','2014','2','16','2014-03-07 14:34:07','2014-03-07 14:34:07','2014-03-07 14:34:07'),(662,1,3,'img/user_1/2014/2/16/B00001693_21I5I2_20140216_1447044.JPG','2014','2','16','2014-03-07 14:34:07','2014-03-07 14:34:07','2014-03-07 14:34:07'),(663,1,3,'img/user_1/2014/2/16/B00001485_21I5I2_20140216_1403324.JPG','2014','2','16','2014-03-07 14:34:07','2014-03-07 14:34:07','2014-03-07 14:34:07'),(664,1,3,'img/user_1/2014/2/16/B00001697_21I5I2_20140216_1448094.JPG','2014','2','16','2014-03-07 14:34:07','2014-03-07 14:34:07','2014-03-07 14:34:07'),(665,1,3,'img/user_1/2014/2/16/B00001733_21I5I2_20140216_1455584.JPG','2014','2','16','2014-03-07 14:34:07','2014-03-07 14:34:07','2014-03-07 14:34:07'),(666,1,3,'img/user_1/2014/2/16/B00001740_21I5I2_20140216_1457324.JPG','2014','2','16','2014-03-07 14:34:07','2014-03-07 14:34:07','2014-03-07 14:34:07'),(667,1,3,'img/user_1/2014/2/16/B00001473_21I5I2_20140216_1401034.JPG','2014','2','16','2014-03-07 14:34:07','2014-03-07 14:34:07','2014-03-07 14:34:07'),(668,1,3,'img/user_1/2014/2/16/B00001658_21I5I2_20140216_1439054.JPG','2014','2','16','2014-03-07 14:34:07','2014-03-07 14:34:07','2014-03-07 14:34:07'),(669,1,3,'img/user_1/2014/2/16/B00001595_21I5I2_20140216_1426154.JPG','2014','2','16','2014-03-07 14:34:07','2014-03-07 14:34:07','2014-03-07 14:34:07'),(670,1,3,'img/user_1/2014/2/16/B00001718_21I5I2_20140216_1452394.JPG','2014','2','16','2014-03-07 14:34:07','2014-03-07 14:34:07','2014-03-07 14:34:07'),(671,1,3,'img/user_1/2014/2/16/B00001483_21I5I2_20140216_1403044.JPG','2014','2','16','2014-03-07 14:34:07','2014-03-07 14:34:07','2014-03-07 14:34:07'),(672,1,3,'img/user_1/2014/2/16/B00001526_21I5I2_20140216_1412004.JPG','2014','2','16','2014-03-07 14:34:07','2014-03-07 14:34:07','2014-03-07 14:34:07'),(673,1,3,'img/user_1/2014/2/16/B00001659_21I5I2_20140216_1439314.JPG','2014','2','16','2014-03-07 14:34:07','2014-03-07 14:34:07','2014-03-07 14:34:07'),(674,1,3,'img/user_1/2014/2/16/B00001515_21I5I2_20140216_1409404.JPG','2014','2','16','2014-03-07 14:34:07','2014-03-07 14:34:07','2014-03-07 14:34:07'),(675,1,3,'img/user_1/2014/2/16/B00001478_21I5I2_20140216_1401594.JPG','2014','2','16','2014-03-07 14:34:07','2014-03-07 14:34:07','2014-03-07 14:34:07'),(676,1,3,'img/user_1/2014/2/16/B00001585_21I5I2_20140216_1424174.JPG','2014','2','16','2014-03-07 14:34:07','2014-03-07 14:34:07','2014-03-07 14:34:07'),(677,1,3,'img/user_1/2014/2/16/B00001553_21I5I2_20140216_1417334.JPG','2014','2','16','2014-03-07 14:34:07','2014-03-07 14:34:07','2014-03-07 14:34:07'),(678,1,3,'img/user_1/2014/2/16/B00001679_21I5I2_20140216_1443514.JPG','2014','2','16','2014-03-07 14:34:07','2014-03-07 14:34:07','2014-03-07 14:34:07'),(679,1,3,'img/user_1/2014/2/16/B00001581_21I5I2_20140216_1423284.JPG','2014','2','16','2014-03-07 14:34:07','2014-03-07 14:34:07','2014-03-07 14:34:07'),(680,1,3,'img/user_1/2014/2/16/B00001551_21I5I2_20140216_1417074.JPG','2014','2','16','2014-03-07 14:34:07','2014-03-07 14:34:07','2014-03-07 14:34:07'),(681,1,3,'img/user_1/2014/2/16/B00001727_21I5I2_20140216_1454374.JPG','2014','2','16','2014-03-07 14:34:07','2014-03-07 14:34:07','2014-03-07 14:34:07'),(682,1,3,'img/user_1/2014/2/16/B00001651_21I5I2_20140216_1437434.JPG','2014','2','16','2014-03-07 14:34:07','2014-03-07 14:34:07','2014-03-07 14:34:07'),(683,1,3,'img/user_1/2014/2/16/B00001732_21I5I2_20140216_1455474.JPG','2014','2','16','2014-03-07 14:34:07','2014-03-07 14:34:07','2014-03-07 14:34:07'),(684,1,3,'img/user_1/2014/2/16/B00001487_21I5I2_20140216_1403564.JPG','2014','2','16','2014-03-07 14:34:07','2014-03-07 14:34:07','2014-03-07 14:34:07'),(685,1,3,'img/user_1/2014/2/16/B00001698_21I5I2_20140216_1448314.JPG','2014','2','16','2014-03-07 14:34:07','2014-03-07 14:34:07','2014-03-07 14:34:07'),(686,1,3,'img/user_1/2014/2/16/B00001694_21I5I2_20140216_1447154.JPG','2014','2','16','2014-03-07 14:34:07','2014-03-07 14:34:07','2014-03-07 14:34:07'),(687,1,3,'img/user_1/2014/2/16/B00001572_21I5I2_20140216_1421424.JPG','2014','2','16','2014-03-07 14:34:07','2014-03-07 14:34:07','2014-03-07 14:34:07'),(688,1,3,'img/user_1/2014/2/16/B00001560_21I5I2_20140216_1419024.JPG','2014','2','16','2014-03-07 14:34:07','2014-03-07 14:34:07','2014-03-07 14:34:07'),(689,1,3,'img/user_1/2014/2/16/B00001476_21I5I2_20140216_1401374.JPG','2014','2','16','2014-03-07 14:34:07','2014-03-07 14:34:07','2014-03-07 14:34:07'),(690,1,3,'img/user_1/2014/2/16/B00001672_21I5I2_20140216_1442084.JPG','2014','2','16','2014-03-07 14:34:07','2014-03-07 14:34:07','2014-03-07 14:34:07'),(691,1,3,'img/user_1/2014/2/16/B00001607_21I5I2_20140216_1428464.JPG','2014','2','16','2014-03-07 14:34:07','2014-03-07 14:34:07','2014-03-07 14:34:07'),(692,1,3,'img/user_1/2014/2/16/B00001590_21I5I2_20140216_1425184.JPG','2014','2','16','2014-03-07 14:34:07','2014-03-07 14:34:07','2014-03-07 14:34:07'),(693,1,3,'img/user_1/2014/2/16/B00001573_21I5I2_20140216_1421534.JPG','2014','2','16','2014-03-07 14:34:07','2014-03-07 14:34:07','2014-03-07 14:34:07'),(694,1,3,'img/user_1/2014/2/16/B00001670_21I5I2_20140216_1441464.JPG','2014','2','16','2014-03-07 14:34:07','2014-03-07 14:34:07','2014-03-07 14:34:07'),(695,1,3,'img/user_1/2014/2/16/B00001729_21I5I2_20140216_1454594.JPG','2014','2','16','2014-03-07 14:34:07','2014-03-07 14:34:07','2014-03-07 14:34:07'),(696,1,3,'img/user_1/2014/2/16/B00001643_21I5I2_20140216_1436074.JPG','2014','2','16','2014-03-07 14:34:08','2014-03-07 14:34:08','2014-03-07 14:34:08'),(697,1,3,'img/user_1/2014/2/16/B00001501_21I5I2_20140216_1406474.JPG','2014','2','16','2014-03-07 14:34:08','2014-03-07 14:34:08','2014-03-07 14:34:08'),(698,1,3,'img/user_1/2014/2/16/B00001631_21I5I2_20140216_1433394.JPG','2014','2','16','2014-03-07 14:34:08','2014-03-07 14:34:08','2014-03-07 14:34:08'),(699,1,3,'img/user_1/2014/2/16/B00001600_21I5I2_20140216_1427164.JPG','2014','2','16','2014-03-07 14:34:08','2014-03-07 14:34:08','2014-03-07 14:34:08'),(700,1,3,'img/user_1/2014/2/16/B00001625_21I5I2_20140216_1432314.JPG','2014','2','16','2014-03-07 14:34:08','2014-03-07 14:34:08','2014-03-07 14:34:08'),(701,1,3,'img/user_1/2014/2/16/B00001671_21I5I2_20140216_1441574.JPG','2014','2','16','2014-03-07 14:34:08','2014-03-07 14:34:08','2014-03-07 14:34:08'),(702,1,3,'img/user_1/2014/2/16/B00001528_21I5I2_20140216_1412244.JPG','2014','2','16','2014-03-07 14:34:08','2014-03-07 14:34:08','2014-03-07 14:34:08'),(703,1,3,'img/user_1/2014/2/16/B00001645_21I5I2_20140216_1436304.JPG','2014','2','16','2014-03-07 14:34:08','2014-03-07 14:34:08','2014-03-07 14:34:08'),(704,1,3,'img/user_1/2014/2/16/B00001660_21I5I2_20140216_1439434.JPG','2014','2','16','2014-03-07 14:34:08','2014-03-07 14:34:08','2014-03-07 14:34:08'),(705,1,3,'img/user_1/2014/2/16/B00001655_21I5I2_20140216_1438284.JPG','2014','2','16','2014-03-07 14:34:08','2014-03-07 14:34:08','2014-03-07 14:34:08'),(706,1,3,'img/user_1/2014/2/16/B00001676_21I5I2_20140216_1442514.JPG','2014','2','16','2014-03-07 14:34:08','2014-03-07 14:34:08','2014-03-07 14:34:08'),(707,1,3,'img/user_1/2014/2/16/B00001743_21I5I2_20140216_1458144.JPG','2014','2','16','2014-03-07 14:34:08','2014-03-07 14:34:08','2014-03-07 14:34:08'),(708,1,3,'img/user_1/2014/2/16/B00001471_21I5I2_20140216_1400384.JPG','2014','2','16','2014-03-07 14:34:08','2014-03-07 14:34:08','2014-03-07 14:34:08'),(709,1,3,'img/user_1/2014/2/16/B00001689_21I5I2_20140216_1446144.JPG','2014','2','16','2014-03-07 14:34:08','2014-03-07 14:34:08','2014-03-07 14:34:08'),(710,1,3,'img/user_1/2014/2/16/B00001618_21I5I2_20140216_1431074.JPG','2014','2','16','2014-03-07 14:34:08','2014-03-07 14:34:08','2014-03-07 14:34:08'),(711,1,3,'img/user_1/2014/2/16/B00001490_21I5I2_20140216_1404294.JPG','2014','2','16','2014-03-07 14:34:08','2014-03-07 14:34:08','2014-03-07 14:34:08'),(712,1,3,'img/user_1/2014/2/16/B00001695_21I5I2_20140216_1447304.JPG','2014','2','16','2014-03-07 14:34:08','2014-03-07 14:34:08','2014-03-07 14:34:08'),(713,1,3,'img/user_1/2014/2/16/B00001563_21I5I2_20140216_1419424.JPG','2014','2','16','2014-03-07 14:34:08','2014-03-07 14:34:08','2014-03-07 14:34:08'),(714,1,3,'img/user_1/2014/2/16/B00001507_21I5I2_20140216_1407534.JPG','2014','2','16','2014-03-07 14:34:08','2014-03-07 14:34:08','2014-03-07 14:34:08'),(715,1,3,'img/user_1/2014/2/16/B00001748_21I5I2_20140216_1459144.JPG','2014','2','16','2014-03-07 14:34:08','2014-03-07 14:34:08','2014-03-07 14:34:08'),(716,1,3,'img/user_1/2014/2/16/B00001746_21I5I2_20140216_1458504.JPG','2014','2','16','2014-03-07 14:34:08','2014-03-07 14:34:08','2014-03-07 14:34:08'),(717,1,3,'img/user_1/2014/2/16/B00001486_21I5I2_20140216_1403454.JPG','2014','2','16','2014-03-07 14:34:08','2014-03-07 14:34:08','2014-03-07 14:34:08'),(718,1,3,'img/user_1/2014/2/16/B00001653_21I5I2_20140216_1438064.JPG','2014','2','16','2014-03-07 14:34:08','2014-03-07 14:34:08','2014-03-07 14:34:08'),(719,1,3,'img/user_1/2014/2/16/B00001480_21I5I2_20140216_1402244.JPG','2014','2','16','2014-03-07 14:34:08','2014-03-07 14:34:08','2014-03-07 14:34:08'),(720,1,3,'img/user_1/2014/2/16/B00001523_21I5I2_20140216_1411214.JPG','2014','2','16','2014-03-07 14:34:08','2014-03-07 14:34:08','2014-03-07 14:34:08'),(721,1,3,'img/user_1/2014/2/16/B00001608_21I5I2_20140216_1429074.JPG','2014','2','16','2014-03-07 14:34:08','2014-03-07 14:34:08','2014-03-07 14:34:08'),(722,1,3,'img/user_1/2014/2/16/B00001610_21I5I2_20140216_1429314.JPG','2014','2','16','2014-03-07 14:34:08','2014-03-07 14:34:08','2014-03-07 14:34:08'),(723,1,3,'img/user_1/2014/2/16/B00001639_21I5I2_20140216_1435144.JPG','2014','2','16','2014-03-07 14:34:08','2014-03-07 14:34:08','2014-03-07 14:34:08'),(724,1,3,'img/user_1/2014/2/16/B00001495_21I5I2_20140216_1405294.JPG','2014','2','16','2014-03-07 14:34:08','2014-03-07 14:34:08','2014-03-07 14:34:08'),(725,1,3,'img/user_1/2014/2/16/B00001491_21I5I2_20140216_1404434.JPG','2014','2','16','2014-03-07 14:34:08','2014-03-07 14:34:08','2014-03-07 14:34:08'),(726,1,3,'img/user_1/2014/2/16/B00001700_21I5I2_20140216_1449134.JPG','2014','2','16','2014-03-07 14:34:08','2014-03-07 14:34:08','2014-03-07 14:34:08'),(727,1,3,'img/user_1/2014/2/16/B00001716_21I5I2_20140216_1452194.JPG','2014','2','16','2014-03-07 14:34:08','2014-03-07 14:34:08','2014-03-07 14:34:08'),(728,1,3,'img/user_1/2014/2/16/B00001656_21I5I2_20140216_1438404.JPG','2014','2','16','2014-03-07 14:34:08','2014-03-07 14:34:08','2014-03-07 14:34:08'),(729,1,3,'img/user_1/2014/2/16/B00001474_21I5I2_20140216_1401154.JPG','2014','2','16','2014-03-07 14:34:08','2014-03-07 14:34:08','2014-03-07 14:34:08'),(730,1,3,'img/user_1/2014/2/16/B00001562_21I5I2_20140216_1419314.JPG','2014','2','16','2014-03-07 14:34:09','2014-03-07 14:34:09','2014-03-07 14:34:09'),(731,1,3,'img/user_1/2014/2/16/B00001737_21I5I2_20140216_1456444.JPG','2014','2','16','2014-03-07 14:34:09','2014-03-07 14:34:09','2014-03-07 14:34:09'),(732,1,3,'img/user_1/2014/2/16/B00001619_21I5I2_20140216_1431194.JPG','2014','2','16','2014-03-07 14:34:09','2014-03-07 14:34:09','2014-03-07 14:34:09'),(733,1,3,'img/user_1/2014/2/16/B00001513_21I5I2_20140216_1409104.JPG','2014','2','16','2014-03-07 14:34:09','2014-03-07 14:34:09','2014-03-07 14:34:09'),(734,1,3,'img/user_1/2014/2/16/B00001492_21I5I2_20140216_1404544.JPG','2014','2','16','2014-03-07 14:34:09','2014-03-07 14:34:09','2014-03-07 14:34:09'),(735,1,3,'img/user_1/2014/2/16/B00001475_21I5I2_20140216_1401264.JPG','2014','2','16','2014-03-07 14:34:09','2014-03-07 14:34:09','2014-03-07 14:34:09'),(736,1,3,'img/user_1/2014/2/16/B00001630_21I5I2_20140216_1433274.JPG','2014','2','16','2014-03-07 14:34:09','2014-03-07 14:34:09','2014-03-07 14:34:09'),(737,1,3,'img/user_1/2014/2/16/B00001739_21I5I2_20140216_1457114.JPG','2014','2','16','2014-03-07 14:34:09','2014-03-07 14:34:09','2014-03-07 14:34:09'),(738,1,3,'img/user_1/2014/2/16/B00001641_21I5I2_20140216_1435414.JPG','2014','2','16','2014-03-07 14:34:09','2014-03-07 14:34:09','2014-03-07 14:34:09'),(739,1,3,'img/user_1/2014/2/16/B00001601_21I5I2_20140216_1427274.JPG','2014','2','16','2014-03-07 14:34:09','2014-03-07 14:34:09','2014-03-07 14:34:09'),(740,1,3,'img/user_1/2014/2/16/B00001574_21I5I2_20140216_1422044.JPG','2014','2','16','2014-03-07 14:34:09','2014-03-07 14:34:09','2014-03-07 14:34:09'),(741,1,3,'img/user_1/2014/2/16/B00001705_21I5I2_20140216_1450104.JPG','2014','2','16','2014-03-07 14:34:09','2014-03-07 14:34:09','2014-03-07 14:34:09'),(742,1,3,'img/user_1/2014/2/16/B00001673_21I5I2_20140216_1442194.JPG','2014','2','16','2014-03-07 14:34:09','2014-03-07 14:34:09','2014-03-07 14:34:09'),(743,1,3,'img/user_1/2014/2/16/B00001728_21I5I2_20140216_1454484.JPG','2014','2','16','2014-03-07 14:34:09','2014-03-07 14:34:09','2014-03-07 14:34:09'),(744,1,3,'img/user_1/2014/2/16/B00001692_21I5I2_20140216_1446524.JPG','2014','2','16','2014-03-07 14:34:09','2014-03-07 14:34:09','2014-03-07 14:34:09'),(745,1,3,'img/user_1/2014/2/16/B00001568_21I5I2_20140216_1420454.JPG','2014','2','16','2014-03-07 14:34:09','2014-03-07 14:34:09','2014-03-07 14:34:09'),(746,1,3,'img/user_1/2014/2/16/B00001714_21I5I2_20140216_1451544.JPG','2014','2','16','2014-03-07 14:34:09','2014-03-07 14:34:09','2014-03-07 14:34:09'),(747,1,3,'img/user_1/2014/2/16/B00001713_21I5I2_20140216_1451404.JPG','2014','2','16','2014-03-07 14:34:09','2014-03-07 14:34:09','2014-03-07 14:34:09'),(748,1,3,'img/user_1/2014/2/16/B00001721_21I5I2_20140216_1453194.JPG','2014','2','16','2014-03-07 14:34:09','2014-03-07 14:34:09','2014-03-07 14:34:09'),(749,1,4,'img/user_1/2014/2/8/B00005324_21I5I2_20140208_1152544.JPG','2014','2','8','2014-03-07 15:48:48','2014-03-07 15:48:48','2014-03-07 15:48:48'),(750,1,4,'img/user_1/2014/2/8/B00005336_21I5I2_20140208_1157004.JPG','2014','2','8','2014-03-07 15:48:48','2014-03-07 15:48:48','2014-03-07 15:48:48'),(751,1,4,'img/user_1/2014/2/8/B00005207_21I5I2_20140208_1126064.JPG','2014','2','8','2014-03-07 15:48:48','2014-03-07 15:48:48','2014-03-07 15:48:48'),(752,1,4,'img/user_1/2014/2/8/B00005226_21I5I2_20140208_1130094.JPG','2014','2','8','2014-03-07 15:48:48','2014-03-07 15:48:48','2014-03-07 15:48:48'),(753,1,4,'img/user_1/2014/2/8/B00005248_21I5I2_20140208_1134304.JPG','2014','2','8','2014-03-07 15:48:48','2014-03-07 15:48:48','2014-03-07 15:48:48'),(754,1,4,'img/user_1/2014/2/8/B00005224_21I5I2_20140208_1129454.JPG','2014','2','8','2014-03-07 15:48:48','2014-03-07 15:48:48','2014-03-07 15:48:48'),(755,1,4,'img/user_1/2014/2/8/B00005212_21I5I2_20140208_1127074.JPG','2014','2','8','2014-03-07 15:48:48','2014-03-07 15:48:48','2014-03-07 15:48:48'),(756,1,4,'img/user_1/2014/2/8/B00005222_21I5I2_20140208_1129084.JPG','2014','2','8','2014-03-07 15:48:48','2014-03-07 15:48:48','2014-03-07 15:48:48'),(757,1,4,'img/user_1/2014/2/8/B00005239_21I5I2_20140208_1132464.JPG','2014','2','8','2014-03-07 15:48:48','2014-03-07 15:48:48','2014-03-07 15:48:48'),(758,1,4,'img/user_1/2014/2/8/B00005215_21I5I2_20140208_1127424.JPG','2014','2','8','2014-03-07 15:48:48','2014-03-07 15:48:48','2014-03-07 15:48:48'),(759,1,4,'img/user_1/2014/2/8/B00005303_21I5I2_20140208_1147074.JPG','2014','2','8','2014-03-07 15:48:48','2014-03-07 15:48:48','2014-03-07 15:48:48'),(760,1,4,'img/user_1/2014/2/8/B00005259_21I5I2_20140208_1136314.JPG','2014','2','8','2014-03-07 15:48:48','2014-03-07 15:48:48','2014-03-07 15:48:48'),(761,1,4,'img/user_1/2014/2/8/B00005228_21I5I2_20140208_1130314.JPG','2014','2','8','2014-03-07 15:48:48','2014-03-07 15:48:48','2014-03-07 15:48:48'),(762,1,4,'img/user_1/2014/2/8/B00005280_21I5I2_20140208_1141164.JPG','2014','2','8','2014-03-07 15:48:49','2014-03-07 15:48:49','2014-03-07 15:48:49'),(763,1,4,'img/user_1/2014/2/8/B00005299_21I5I2_20140208_1146194.JPG','2014','2','8','2014-03-07 15:48:49','2014-03-07 15:48:49','2014-03-07 15:48:49'),(764,1,4,'img/user_1/2014/2/8/B00005249_21I5I2_20140208_1134414.JPG','2014','2','8','2014-03-07 15:48:49','2014-03-07 15:48:49','2014-03-07 15:48:49'),(765,1,4,'img/user_1/2014/2/8/B00005261_21I5I2_20140208_1136544.JPG','2014','2','8','2014-03-07 15:48:49','2014-03-07 15:48:49','2014-03-07 15:48:49'),(766,1,4,'img/user_1/2014/2/8/B00005255_21I5I2_20140208_1135464.JPG','2014','2','8','2014-03-07 15:48:49','2014-03-07 15:48:49','2014-03-07 15:48:49'),(767,1,4,'img/user_1/2014/2/8/B00005232_21I5I2_20140208_1131224.JPG','2014','2','8','2014-03-07 15:48:49','2014-03-07 15:48:49','2014-03-07 15:48:49'),(768,1,4,'img/user_1/2014/2/8/B00005200_21I5I2_20140208_1124344.JPG','2014','2','8','2014-03-07 15:48:49','2014-03-07 15:48:49','2014-03-07 15:48:49'),(769,1,4,'img/user_1/2014/2/8/B00005306_21I5I2_20140208_1147464.JPG','2014','2','8','2014-03-07 15:48:49','2014-03-07 15:48:49','2014-03-07 15:48:49'),(770,1,4,'img/user_1/2014/2/8/B00005205_21I5I2_20140208_1125374.JPG','2014','2','8','2014-03-07 15:48:49','2014-03-07 15:48:49','2014-03-07 15:48:49'),(771,1,4,'img/user_1/2014/2/8/B00005318_21I5I2_20140208_1150514.JPG','2014','2','8','2014-03-07 15:48:49','2014-03-07 15:48:49','2014-03-07 15:48:49'),(772,1,4,'img/user_1/2014/2/8/B00005256_21I5I2_20140208_1135574.JPG','2014','2','8','2014-03-07 15:48:49','2014-03-07 15:48:49','2014-03-07 15:48:49'),(773,1,4,'img/user_1/2014/2/8/B00005233_21I5I2_20140208_1131334.JPG','2014','2','8','2014-03-07 15:48:49','2014-03-07 15:48:49','2014-03-07 15:48:49'),(774,1,4,'img/user_1/2014/2/8/B00005281_21I5I2_20140208_1141284.JPG','2014','2','8','2014-03-07 15:48:49','2014-03-07 15:48:49','2014-03-07 15:48:49'),(775,1,4,'img/user_1/2014/2/8/B00005263_21I5I2_20140208_1137174.JPG','2014','2','8','2014-03-07 15:48:49','2014-03-07 15:48:49','2014-03-07 15:48:49'),(776,1,4,'img/user_1/2014/2/8/B00005223_21I5I2_20140208_1129344.JPG','2014','2','8','2014-03-07 15:48:49','2014-03-07 15:48:49','2014-03-07 15:48:49'),(777,1,4,'img/user_1/2014/2/8/B00005277_21I5I2_20140208_1140344.JPG','2014','2','8','2014-03-07 15:48:49','2014-03-07 15:48:49','2014-03-07 15:48:49'),(778,1,4,'img/user_1/2014/2/8/B00005220_21I5I2_20140208_1128444.JPG','2014','2','8','2014-03-07 15:48:49','2014-03-07 15:48:49','2014-03-07 15:48:49'),(779,1,4,'img/user_1/2014/2/8/B00005206_21I5I2_20140208_1125514.JPG','2014','2','8','2014-03-07 15:48:49','2014-03-07 15:48:49','2014-03-07 15:48:49'),(780,1,4,'img/user_1/2014/2/8/B00005327_21I5I2_20140208_1153564.JPG','2014','2','8','2014-03-07 15:48:49','2014-03-07 15:48:49','2014-03-07 15:48:49'),(781,1,4,'img/user_1/2014/2/8/B00005287_21I5I2_20140208_1142574.JPG','2014','2','8','2014-03-07 15:48:49','2014-03-07 15:48:49','2014-03-07 15:48:49'),(782,1,4,'img/user_1/2014/2/8/B00005326_21I5I2_20140208_1153344.JPG','2014','2','8','2014-03-07 15:48:49','2014-03-07 15:48:49','2014-03-07 15:48:49'),(783,1,4,'img/user_1/2014/2/8/B00005258_21I5I2_20140208_1136194.JPG','2014','2','8','2014-03-07 15:48:49','2014-03-07 15:48:49','2014-03-07 15:48:49'),(784,1,4,'img/user_1/2014/2/8/B00005339_21I5I2_20140208_1158034.JPG','2014','2','8','2014-03-07 15:48:49','2014-03-07 15:48:49','2014-03-07 15:48:49'),(785,1,4,'img/user_1/2014/2/8/B00005316_21I5I2_20140208_1150204.JPG','2014','2','8','2014-03-07 15:48:49','2014-03-07 15:48:49','2014-03-07 15:48:49'),(786,1,4,'img/user_1/2014/2/8/B00005219_21I5I2_20140208_1128334.JPG','2014','2','8','2014-03-07 15:48:49','2014-03-07 15:48:49','2014-03-07 15:48:49'),(787,1,4,'img/user_1/2014/2/8/B00005297_21I5I2_20140208_1145534.JPG','2014','2','8','2014-03-07 15:48:49','2014-03-07 15:48:49','2014-03-07 15:48:49'),(788,1,4,'img/user_1/2014/2/8/B00005291_21I5I2_20140208_1144094.JPG','2014','2','8','2014-03-07 15:48:49','2014-03-07 15:48:49','2014-03-07 15:48:49'),(789,1,4,'img/user_1/2014/2/8/B00005210_21I5I2_20140208_1126394.JPG','2014','2','8','2014-03-07 15:48:49','2014-03-07 15:48:49','2014-03-07 15:48:49'),(790,1,4,'img/user_1/2014/2/8/B00005211_21I5I2_20140208_1126534.JPG','2014','2','8','2014-03-07 15:48:49','2014-03-07 15:48:49','2014-03-07 15:48:49'),(791,1,4,'img/user_1/2014/2/8/B00005325_21I5I2_20140208_1153224.JPG','2014','2','8','2014-03-07 15:48:49','2014-03-07 15:48:49','2014-03-07 15:48:49'),(792,1,4,'img/user_1/2014/2/8/B00005290_21I5I2_20140208_1143534.JPG','2014','2','8','2014-03-07 15:48:49','2014-03-07 15:48:49','2014-03-07 15:48:49'),(793,1,4,'img/user_1/2014/2/8/B00005229_21I5I2_20140208_1130434.JPG','2014','2','8','2014-03-07 15:48:49','2014-03-07 15:48:49','2014-03-07 15:48:49'),(794,1,4,'img/user_1/2014/2/8/B00005323_21I5I2_20140208_1152254.JPG','2014','2','8','2014-03-07 15:48:49','2014-03-07 15:48:49','2014-03-07 15:48:49'),(795,1,4,'img/user_1/2014/2/8/B00005253_21I5I2_20140208_1135244.JPG','2014','2','8','2014-03-07 15:48:49','2014-03-07 15:48:49','2014-03-07 15:48:49'),(796,1,4,'img/user_1/2014/2/8/B00005238_21I5I2_20140208_1132354.JPG','2014','2','8','2014-03-07 15:48:49','2014-03-07 15:48:49','2014-03-07 15:48:49'),(797,1,4,'img/user_1/2014/2/8/B00005311_21I5I2_20140208_1148574.JPG','2014','2','8','2014-03-07 15:48:50','2014-03-07 15:48:50','2014-03-07 15:48:50'),(798,1,4,'img/user_1/2014/2/8/B00005305_21I5I2_20140208_1147344.JPG','2014','2','8','2014-03-07 15:48:50','2014-03-07 15:48:50','2014-03-07 15:48:50'),(799,1,4,'img/user_1/2014/2/8/B00005197_21I5I2_20140208_1124004.JPG','2014','2','8','2014-03-07 15:48:50','2014-03-07 15:48:50','2014-03-07 15:48:50'),(800,1,4,'img/user_1/2014/2/8/B00005304_21I5I2_20140208_1147204.JPG','2014','2','8','2014-03-07 15:48:50','2014-03-07 15:48:50','2014-03-07 15:48:50'),(801,1,4,'img/user_1/2014/2/8/B00005330_21I5I2_20140208_1154354.JPG','2014','2','8','2014-03-07 15:48:50','2014-03-07 15:48:50','2014-03-07 15:48:50'),(802,1,4,'img/user_1/2014/2/8/B00005293_21I5I2_20140208_1144474.JPG','2014','2','8','2014-03-07 15:48:50','2014-03-07 15:48:50','2014-03-07 15:48:50'),(803,1,4,'img/user_1/2014/2/8/B00005221_21I5I2_20140208_1128564.JPG','2014','2','8','2014-03-07 15:48:50','2014-03-07 15:48:50','2014-03-07 15:48:50'),(804,1,4,'img/user_1/2014/2/8/B00005295_21I5I2_20140208_1145274.JPG','2014','2','8','2014-03-07 15:48:50','2014-03-07 15:48:50','2014-03-07 15:48:50'),(805,1,4,'img/user_1/2014/2/8/B00005234_21I5I2_20140208_1131444.JPG','2014','2','8','2014-03-07 15:48:50','2014-03-07 15:48:50','2014-03-07 15:48:50'),(806,1,4,'img/user_1/2014/2/8/B00005198_21I5I2_20140208_1124134.JPG','2014','2','8','2014-03-07 15:48:50','2014-03-07 15:48:50','2014-03-07 15:48:50'),(807,1,4,'img/user_1/2014/2/8/B00005279_21I5I2_20140208_1141044.JPG','2014','2','8','2014-03-07 15:48:50','2014-03-07 15:48:50','2014-03-07 15:48:50'),(808,1,4,'img/user_1/2014/2/8/B00005257_21I5I2_20140208_1136084.JPG','2014','2','8','2014-03-07 15:48:50','2014-03-07 15:48:50','2014-03-07 15:48:50'),(809,1,4,'img/user_1/2014/2/8/B00005199_21I5I2_20140208_1124244.JPG','2014','2','8','2014-03-07 15:48:50','2014-03-07 15:48:50','2014-03-07 15:48:50'),(810,1,4,'img/user_1/2014/2/8/B00005269_21I5I2_20140208_1138304.JPG','2014','2','8','2014-03-07 15:48:50','2014-03-07 15:48:50','2014-03-07 15:48:50'),(811,1,4,'img/user_1/2014/2/8/B00005272_21I5I2_20140208_1139074.JPG','2014','2','8','2014-03-07 15:48:50','2014-03-07 15:48:50','2014-03-07 15:48:50'),(812,1,4,'img/user_1/2014/2/8/B00005313_21I5I2_20140208_1149254.JPG','2014','2','8','2014-03-07 15:48:50','2014-03-07 15:48:50','2014-03-07 15:48:50'),(813,1,4,'img/user_1/2014/2/8/B00005203_21I5I2_20140208_1125144.JPG','2014','2','8','2014-03-07 15:48:50','2014-03-07 15:48:50','2014-03-07 15:48:50'),(814,1,4,'img/user_1/2014/2/8/B00005214_21I5I2_20140208_1127314.JPG','2014','2','8','2014-03-07 15:48:50','2014-03-07 15:48:50','2014-03-07 15:48:50'),(815,1,4,'img/user_1/2014/2/8/B00005337_21I5I2_20140208_1157244.JPG','2014','2','8','2014-03-07 15:48:50','2014-03-07 15:48:50','2014-03-07 15:48:50'),(816,1,4,'img/user_1/2014/2/8/B00005329_21I5I2_20140208_1154244.JPG','2014','2','8','2014-03-07 15:48:50','2014-03-07 15:48:50','2014-03-07 15:48:50'),(817,1,4,'img/user_1/2014/2/8/B00005338_21I5I2_20140208_1157474.JPG','2014','2','8','2014-03-07 15:48:50','2014-03-07 15:48:50','2014-03-07 15:48:50'),(818,1,4,'img/user_1/2014/2/8/B00005274_21I5I2_20140208_1139364.JPG','2014','2','8','2014-03-07 15:48:50','2014-03-07 15:48:50','2014-03-07 15:48:50'),(819,1,4,'img/user_1/2014/2/8/B00005294_21I5I2_20140208_1144594.JPG','2014','2','8','2014-03-07 15:48:50','2014-03-07 15:48:50','2014-03-07 15:48:50'),(820,1,4,'img/user_1/2014/2/8/B00005301_21I5I2_20140208_1146414.JPG','2014','2','8','2014-03-07 15:48:50','2014-03-07 15:48:50','2014-03-07 15:48:50'),(821,1,4,'img/user_1/2014/2/8/B00005320_21I5I2_20140208_1151214.JPG','2014','2','8','2014-03-07 15:48:50','2014-03-07 15:48:50','2014-03-07 15:48:50'),(822,1,4,'img/user_1/2014/2/8/B00005300_21I5I2_20140208_1146304.JPG','2014','2','8','2014-03-07 15:48:50','2014-03-07 15:48:50','2014-03-07 15:48:50'),(823,1,4,'img/user_1/2014/2/8/B00005250_21I5I2_20140208_1134524.JPG','2014','2','8','2014-03-07 15:48:50','2014-03-07 15:48:50','2014-03-07 15:48:50'),(824,1,4,'img/user_1/2014/2/8/B00005332_21I5I2_20140208_1155264.JPG','2014','2','8','2014-03-07 15:48:50','2014-03-07 15:48:50','2014-03-07 15:48:50'),(825,1,4,'img/user_1/2014/2/8/B00005260_21I5I2_20140208_1136424.JPG','2014','2','8','2014-03-07 15:48:50','2014-03-07 15:48:50','2014-03-07 15:48:50'),(826,1,4,'img/user_1/2014/2/8/B00005202_21I5I2_20140208_1125014.JPG','2014','2','8','2014-03-07 15:48:50','2014-03-07 15:48:50','2014-03-07 15:48:50'),(827,1,4,'img/user_1/2014/2/8/B00005308_21I5I2_20140208_1148094.JPG','2014','2','8','2014-03-07 15:48:50','2014-03-07 15:48:50','2014-03-07 15:48:50'),(828,1,4,'img/user_1/2014/2/8/B00005254_21I5I2_20140208_1135354.JPG','2014','2','8','2014-03-07 15:48:50','2014-03-07 15:48:50','2014-03-07 15:48:50'),(829,1,4,'img/user_1/2014/2/8/B00005244_21I5I2_20140208_1133404.JPG','2014','2','8','2014-03-07 15:48:50','2014-03-07 15:48:50','2014-03-07 15:48:50'),(830,1,4,'img/user_1/2014/2/8/B00005310_21I5I2_20140208_1148414.JPG','2014','2','8','2014-03-07 15:48:50','2014-03-07 15:48:50','2014-03-07 15:48:50'),(831,1,4,'img/user_1/2014/2/8/B00005335_21I5I2_20140208_1156354.JPG','2014','2','8','2014-03-07 15:48:50','2014-03-07 15:48:50','2014-03-07 15:48:50'),(832,1,4,'img/user_1/2014/2/8/B00005286_21I5I2_20140208_1142374.JPG','2014','2','8','2014-03-07 15:48:50','2014-03-07 15:48:50','2014-03-07 15:48:50'),(833,1,4,'img/user_1/2014/2/8/B00005278_21I5I2_20140208_1140514.JPG','2014','2','8','2014-03-07 15:48:51','2014-03-07 15:48:51','2014-03-07 15:48:51'),(834,1,4,'img/user_1/2014/2/8/B00005314_21I5I2_20140208_1149444.JPG','2014','2','8','2014-03-07 15:48:51','2014-03-07 15:48:51','2014-03-07 15:48:51'),(835,1,4,'img/user_1/2014/2/8/B00005331_21I5I2_20140208_1154544.JPG','2014','2','8','2014-03-07 15:48:51','2014-03-07 15:48:51','2014-03-07 15:48:51'),(836,1,4,'img/user_1/2014/2/8/B00005241_21I5I2_20140208_1133084.JPG','2014','2','8','2014-03-07 15:48:51','2014-03-07 15:48:51','2014-03-07 15:48:51'),(837,1,4,'img/user_1/2014/2/8/B00005275_21I5I2_20140208_1139514.JPG','2014','2','8','2014-03-07 15:48:51','2014-03-07 15:48:51','2014-03-07 15:48:51'),(838,1,4,'img/user_1/2014/2/8/B00005273_21I5I2_20140208_1139214.JPG','2014','2','8','2014-03-07 15:48:51','2014-03-07 15:48:51','2014-03-07 15:48:51'),(839,1,4,'img/user_1/2014/2/8/B00005298_21I5I2_20140208_1146074.JPG','2014','2','8','2014-03-07 15:48:51','2014-03-07 15:48:51','2014-03-07 15:48:51'),(840,1,4,'img/user_1/2014/2/8/B00005307_21I5I2_20140208_1147574.JPG','2014','2','8','2014-03-07 15:48:51','2014-03-07 15:48:51','2014-03-07 15:48:51'),(841,1,4,'img/user_1/2014/2/8/B00005262_21I5I2_20140208_1137054.JPG','2014','2','8','2014-03-07 15:48:51','2014-03-07 15:48:51','2014-03-07 15:48:51'),(842,1,4,'img/user_1/2014/2/8/B00005225_21I5I2_20140208_1129574.JPG','2014','2','8','2014-03-07 15:48:51','2014-03-07 15:48:51','2014-03-07 15:48:51'),(843,1,4,'img/user_1/2014/2/8/B00005246_21I5I2_20140208_1134034.JPG','2014','2','8','2014-03-07 15:48:51','2014-03-07 15:48:51','2014-03-07 15:48:51'),(844,1,4,'img/user_1/2014/2/8/B00005230_21I5I2_20140208_1130544.JPG','2014','2','8','2014-03-07 15:48:51','2014-03-07 15:48:51','2014-03-07 15:48:51'),(845,1,4,'img/user_1/2014/2/8/B00005242_21I5I2_20140208_1133184.JPG','2014','2','8','2014-03-07 15:48:51','2014-03-07 15:48:51','2014-03-07 15:48:51'),(846,1,4,'img/user_1/2014/2/8/B00005216_21I5I2_20140208_1127564.JPG','2014','2','8','2014-03-07 15:48:51','2014-03-07 15:48:51','2014-03-07 15:48:51'),(847,1,4,'img/user_1/2014/2/8/B00005321_21I5I2_20140208_1151424.JPG','2014','2','8','2014-03-07 15:48:51','2014-03-07 15:48:51','2014-03-07 15:48:51'),(848,1,4,'img/user_1/2014/2/8/B00005340_21I5I2_20140208_1158154.JPG','2014','2','8','2014-03-07 15:48:51','2014-03-07 15:48:51','2014-03-07 15:48:51'),(849,1,4,'img/user_1/2014/2/8/B00005204_21I5I2_20140208_1125264.JPG','2014','2','8','2014-03-07 15:48:51','2014-03-07 15:48:51','2014-03-07 15:48:51'),(850,1,4,'img/user_1/2014/2/8/B00005302_21I5I2_20140208_1146554.JPG','2014','2','8','2014-03-07 15:48:51','2014-03-07 15:48:51','2014-03-07 15:48:51'),(851,1,4,'img/user_1/2014/2/8/B00005271_21I5I2_20140208_1138544.JPG','2014','2','8','2014-03-07 15:48:51','2014-03-07 15:48:51','2014-03-07 15:48:51'),(852,1,4,'img/user_1/2014/2/8/B00005218_21I5I2_20140208_1128204.JPG','2014','2','8','2014-03-07 15:48:51','2014-03-07 15:48:51','2014-03-07 15:48:51'),(853,1,4,'img/user_1/2014/2/8/B00005245_21I5I2_20140208_1133514.JPG','2014','2','8','2014-03-07 15:48:51','2014-03-07 15:48:51','2014-03-07 15:48:51'),(854,1,4,'img/user_1/2014/2/8/B00005196_21I5I2_20140208_1123504.JPG','2014','2','8','2014-03-07 15:48:51','2014-03-07 15:48:51','2014-03-07 15:48:51'),(855,1,4,'img/user_1/2014/2/8/B00005264_21I5I2_20140208_1137304.JPG','2014','2','8','2014-03-07 15:48:51','2014-03-07 15:48:51','2014-03-07 15:48:51'),(856,1,4,'img/user_1/2014/2/8/B00005289_21I5I2_20140208_1143414.JPG','2014','2','8','2014-03-07 15:48:51','2014-03-07 15:48:51','2014-03-07 15:48:51'),(857,1,4,'img/user_1/2014/2/8/B00005276_21I5I2_20140208_1140064.JPG','2014','2','8','2014-03-07 15:48:51','2014-03-07 15:48:51','2014-03-07 15:48:51'),(858,1,4,'img/user_1/2014/2/8/B00005252_21I5I2_20140208_1135144.JPG','2014','2','8','2014-03-07 15:48:51','2014-03-07 15:48:51','2014-03-07 15:48:51'),(859,1,4,'img/user_1/2014/2/8/B00005317_21I5I2_20140208_1150324.JPG','2014','2','8','2014-03-07 15:48:51','2014-03-07 15:48:51','2014-03-07 15:48:51'),(860,1,4,'img/user_1/2014/2/8/B00005284_21I5I2_20140208_1142134.JPG','2014','2','8','2014-03-07 15:48:51','2014-03-07 15:48:51','2014-03-07 15:48:51'),(861,1,4,'img/user_1/2014/2/8/B00005282_21I5I2_20140208_1141414.JPG','2014','2','8','2014-03-07 15:48:51','2014-03-07 15:48:51','2014-03-07 15:48:51'),(862,1,4,'img/user_1/2014/2/8/B00005288_21I5I2_20140208_1143204.JPG','2014','2','8','2014-03-07 15:48:51','2014-03-07 15:48:51','2014-03-07 15:48:51'),(863,1,4,'img/user_1/2014/2/8/B00005312_21I5I2_20140208_1149094.JPG','2014','2','8','2014-03-07 15:48:51','2014-03-07 15:48:51','2014-03-07 15:48:51'),(864,1,4,'img/user_1/2014/2/8/B00005237_21I5I2_20140208_1132244.JPG','2014','2','8','2014-03-07 15:48:51','2014-03-07 15:48:51','2014-03-07 15:48:51'),(865,1,4,'img/user_1/2014/2/8/B00005227_21I5I2_20140208_1130204.JPG','2014','2','8','2014-03-07 15:48:51','2014-03-07 15:48:51','2014-03-07 15:48:51'),(866,1,4,'img/user_1/2014/2/8/B00005236_21I5I2_20140208_1132094.JPG','2014','2','8','2014-03-07 15:48:51','2014-03-07 15:48:51','2014-03-07 15:48:51'),(867,1,4,'img/user_1/2014/2/8/B00005283_21I5I2_20140208_1142014.JPG','2014','2','8','2014-03-07 15:48:52','2014-03-07 15:48:52','2014-03-07 15:48:52'),(868,1,4,'img/user_1/2014/2/8/B00005319_21I5I2_20140208_1151064.JPG','2014','2','8','2014-03-07 15:48:52','2014-03-07 15:48:52','2014-03-07 15:48:52'),(869,1,4,'img/user_1/2014/2/8/B00005333_21I5I2_20140208_1155534.JPG','2014','2','8','2014-03-07 15:48:52','2014-03-07 15:48:52','2014-03-07 15:48:52'),(870,1,4,'img/user_1/2014/2/8/B00005213_21I5I2_20140208_1127194.JPG','2014','2','8','2014-03-07 15:48:52','2014-03-07 15:48:52','2014-03-07 15:48:52'),(871,1,4,'img/user_1/2014/2/8/B00005235_21I5I2_20140208_1131554.JPG','2014','2','8','2014-03-07 15:48:52','2014-03-07 15:48:52','2014-03-07 15:48:52'),(872,1,4,'img/user_1/2014/2/8/B00005201_21I5I2_20140208_1124454.JPG','2014','2','8','2014-03-07 15:48:52','2014-03-07 15:48:52','2014-03-07 15:48:52'),(873,1,4,'img/user_1/2014/2/8/B00005328_21I5I2_20140208_1154074.JPG','2014','2','8','2014-03-07 15:48:52','2014-03-07 15:48:52','2014-03-07 15:48:52'),(874,1,4,'img/user_1/2014/2/8/B00005266_21I5I2_20140208_1137524.JPG','2014','2','8','2014-03-07 15:48:52','2014-03-07 15:48:52','2014-03-07 15:48:52'),(875,1,4,'img/user_1/2014/2/8/B00005265_21I5I2_20140208_1137414.JPG','2014','2','8','2014-03-07 15:48:52','2014-03-07 15:48:52','2014-03-07 15:48:52'),(876,1,4,'img/user_1/2014/2/8/B00005240_21I5I2_20140208_1132564.JPG','2014','2','8','2014-03-07 15:48:52','2014-03-07 15:48:52','2014-03-07 15:48:52'),(877,1,4,'img/user_1/2014/2/8/B00005251_21I5I2_20140208_1135024.JPG','2014','2','8','2014-03-07 15:48:52','2014-03-07 15:48:52','2014-03-07 15:48:52'),(878,1,4,'img/user_1/2014/2/8/B00005231_21I5I2_20140208_1131084.JPG','2014','2','8','2014-03-07 15:48:52','2014-03-07 15:48:52','2014-03-07 15:48:52'),(879,1,4,'img/user_1/2014/2/8/B00005209_21I5I2_20140208_1126284.JPG','2014','2','8','2014-03-07 15:48:52','2014-03-07 15:48:52','2014-03-07 15:48:52'),(880,1,4,'img/user_1/2014/2/8/B00005292_21I5I2_20140208_1144214.JPG','2014','2','8','2014-03-07 15:48:52','2014-03-07 15:48:52','2014-03-07 15:48:52'),(881,1,4,'img/user_1/2014/2/8/B00005322_21I5I2_20140208_1152044.JPG','2014','2','8','2014-03-07 15:48:52','2014-03-07 15:48:52','2014-03-07 15:48:52'),(882,1,4,'img/user_1/2014/2/8/B00005270_21I5I2_20140208_1138414.JPG','2014','2','8','2014-03-07 15:48:52','2014-03-07 15:48:52','2014-03-07 15:48:52'),(883,1,4,'img/user_1/2014/2/8/B00005268_21I5I2_20140208_1138184.JPG','2014','2','8','2014-03-07 15:48:52','2014-03-07 15:48:52','2014-03-07 15:48:52'),(884,1,4,'img/user_1/2014/2/8/B00005267_21I5I2_20140208_1138074.JPG','2014','2','8','2014-03-07 15:48:52','2014-03-07 15:48:52','2014-03-07 15:48:52'),(885,1,4,'img/user_1/2014/2/8/B00005309_21I5I2_20140208_1148234.JPG','2014','2','8','2014-03-07 15:48:52','2014-03-07 15:48:52','2014-03-07 15:48:52'),(886,1,4,'img/user_1/2014/2/8/B00005243_21I5I2_20140208_1133294.JPG','2014','2','8','2014-03-07 15:48:52','2014-03-07 15:48:52','2014-03-07 15:48:52'),(887,1,4,'img/user_1/2014/2/8/B00005208_21I5I2_20140208_1126174.JPG','2014','2','8','2014-03-07 15:48:52','2014-03-07 15:48:52','2014-03-07 15:48:52'),(888,1,4,'img/user_1/2014/2/8/B00005315_21I5I2_20140208_1150024.JPG','2014','2','8','2014-03-07 15:48:52','2014-03-07 15:48:52','2014-03-07 15:48:52'),(889,1,4,'img/user_1/2014/2/8/B00005285_21I5I2_20140208_1142244.JPG','2014','2','8','2014-03-07 15:48:52','2014-03-07 15:48:52','2014-03-07 15:48:52'),(890,1,4,'img/user_1/2014/2/8/B00005247_21I5I2_20140208_1134154.JPG','2014','2','8','2014-03-07 15:48:52','2014-03-07 15:48:52','2014-03-07 15:48:52'),(891,1,4,'img/user_1/2014/2/8/B00005217_21I5I2_20140208_1128084.JPG','2014','2','8','2014-03-07 15:48:52','2014-03-07 15:48:52','2014-03-07 15:48:52'),(892,1,4,'img/user_1/2014/2/8/B00005334_21I5I2_20140208_1156104.JPG','2014','2','8','2014-03-07 15:48:52','2014-03-07 15:48:52','2014-03-07 15:48:52');
/*!40000 ALTER TABLE `fileuploader_image` ENABLE KEYS */;
UNLOCK TABLES;

--
-- Table structure for table `fileuploader_sensor`
--

DROP TABLE IF EXISTS `fileuploader_sensor`;
/*!40101 SET @saved_cs_client     = @@character_set_client */;
/*!40101 SET character_set_client = utf8 */;
CREATE TABLE `fileuploader_sensor` (
  `id` int(11) NOT NULL AUTO_INCREMENT,
  `user_id` int(11) NOT NULL,
  `img_id` int(11) DEFAULT NULL,
  `type_id` int(11) NOT NULL,
  `capture_at` datetime NOT NULL,
  `uploaded_at` datetime NOT NULL,
  `updated_at` datetime NOT NULL,
  PRIMARY KEY (`id`),
  KEY `fileuploader_sensor_6340c63c` (`user_id`),
  KEY `fileuploader_sensor_b7ec2b54` (`img_id`),
  KEY `fileuploader_sensor_403d8ff3` (`type_id`),
  CONSTRAINT `img_id_refs_id_f8c14aff` FOREIGN KEY (`img_id`) REFERENCES `fileuploader_image` (`id`),
  CONSTRAINT `type_id_refs_id_532f2afa` FOREIGN KEY (`type_id`) REFERENCES `fileuploader_sensortype` (`id`),
  CONSTRAINT `user_id_refs_id_746e4da3` FOREIGN KEY (`user_id`) REFERENCES `auth_user` (`id`)
) ENGINE=InnoDB DEFAULT CHARSET=latin1;
/*!40101 SET character_set_client = @saved_cs_client */;

--
-- Dumping data for table `fileuploader_sensor`
--

LOCK TABLES `fileuploader_sensor` WRITE;
/*!40000 ALTER TABLE `fileuploader_sensor` DISABLE KEYS */;
/*!40000 ALTER TABLE `fileuploader_sensor` ENABLE KEYS */;
UNLOCK TABLES;

--
-- Table structure for table `fileuploader_sensorfile`
--

DROP TABLE IF EXISTS `fileuploader_sensorfile`;
/*!40101 SET @saved_cs_client     = @@character_set_client */;
/*!40101 SET character_set_client = utf8 */;
CREATE TABLE `fileuploader_sensorfile` (
  `id` int(11) NOT NULL AUTO_INCREMENT,
  `user_id` int(11) NOT NULL,
  `file` varchar(100) NOT NULL,
  `capture_at` datetime NOT NULL,
  `uploaded_at` datetime NOT NULL,
  `updated_at` datetime NOT NULL,
  PRIMARY KEY (`id`),
  KEY `fileuploader_sensorfile_6340c63c` (`user_id`),
  CONSTRAINT `user_id_refs_id_c177f714` FOREIGN KEY (`user_id`) REFERENCES `auth_user` (`id`)
) ENGINE=InnoDB DEFAULT CHARSET=latin1;
/*!40101 SET character_set_client = @saved_cs_client */;

--
-- Dumping data for table `fileuploader_sensorfile`
--

LOCK TABLES `fileuploader_sensorfile` WRITE;
/*!40000 ALTER TABLE `fileuploader_sensorfile` DISABLE KEYS */;
/*!40000 ALTER TABLE `fileuploader_sensorfile` ENABLE KEYS */;
UNLOCK TABLES;

--
-- Table structure for table `fileuploader_sensortype`
--

DROP TABLE IF EXISTS `fileuploader_sensortype`;
/*!40101 SET @saved_cs_client     = @@character_set_client */;
/*!40101 SET character_set_client = utf8 */;
CREATE TABLE `fileuploader_sensortype` (
  `id` int(11) NOT NULL AUTO_INCREMENT,
  `name` varchar(100) NOT NULL,
  `abbreviation` varchar(10) NOT NULL,
  PRIMARY KEY (`id`),
  UNIQUE KEY `name` (`name`),
  UNIQUE KEY `abbreviation` (`abbreviation`)
) ENGINE=InnoDB AUTO_INCREMENT=32 DEFAULT CHARSET=latin1;
/*!40101 SET character_set_client = @saved_cs_client */;

--
-- Dumping data for table `fileuploader_sensortype`
--

LOCK TABLES `fileuploader_sensortype` WRITE;
/*!40000 ALTER TABLE `fileuploader_sensortype` DISABLE KEYS */;
INSERT INTO `fileuploader_sensortype` VALUES (1,'size','sz'),(2,'proprietary','p'),(3,'accelerometer_x','accx'),(4,'accelerometer_y','accy'),(5,'accelerometer_z','accz'),(6,'magnetometer_x','magx'),(7,'magnetometer_y','magy'),(8,'magnetometer_z','magz'),(9,'red','red'),(10,'green','green'),(11,'blue','blue'),(12,'luminance','lum'),(13,'temperature','tem'),(14,'gps_status','g'),(15,'latitude','lat'),(16,'longitude','lon'),(17,'altitude','alt'),(18,'gps_groud_speed','gs'),(19,'gps_horizontal_error','herr'),(20,'gps_vertical_error','verr'),(21,'orientation_x','xor'),(22,'orientation_y','yor'),(23,'orientation z','zor'),(24,'type','typ'),(25,'gain','gain'),(26,'red_balance','rbal'),(27,'green_balance','gbal'),(28,'blue_balance','bbal'),(29,'exposure','exp'),(30,'system_tags','stags'),(31,'user_tags','tags');
/*!40000 ALTER TABLE `fileuploader_sensortype` ENABLE KEYS */;
UNLOCK TABLES;

--
-- Table structure for table `registration_registrationprofile`
--

DROP TABLE IF EXISTS `registration_registrationprofile`;
/*!40101 SET @saved_cs_client     = @@character_set_client */;
/*!40101 SET character_set_client = utf8 */;
CREATE TABLE `registration_registrationprofile` (
  `id` int(11) NOT NULL AUTO_INCREMENT,
  `user_id` int(11) NOT NULL,
  `activation_key` varchar(40) NOT NULL,
  PRIMARY KEY (`id`),
  UNIQUE KEY `user_id` (`user_id`),
  CONSTRAINT `user_id_refs_id_954d2985` FOREIGN KEY (`user_id`) REFERENCES `auth_user` (`id`)
) ENGINE=InnoDB DEFAULT CHARSET=latin1;
/*!40101 SET character_set_client = @saved_cs_client */;

--
-- Dumping data for table `registration_registrationprofile`
--

LOCK TABLES `registration_registrationprofile` WRITE;
/*!40000 ALTER TABLE `registration_registrationprofile` DISABLE KEYS */;
/*!40000 ALTER TABLE `registration_registrationprofile` ENABLE KEYS */;
UNLOCK TABLES;

--
-- Table structure for table `registration_userprofile`
--

DROP TABLE IF EXISTS `registration_userprofile`;
/*!40101 SET @saved_cs_client     = @@character_set_client */;
/*!40101 SET character_set_client = utf8 */;
CREATE TABLE `registration_userprofile` (
  `id` int(11) NOT NULL AUTO_INCREMENT,
  `password` varchar(128) NOT NULL,
  `last_login` datetime NOT NULL,
  `user_id` int(11) NOT NULL,
  `url` varchar(200) NOT NULL,
  `company` varchar(50) NOT NULL,
  `birthday` datetime NOT NULL,
  `gender` tinyint(1) NOT NULL,
  `profile_img` varchar(100) NOT NULL,
  `weight` decimal(5,2) DEFAULT NULL,
  `height` decimal(5,2) DEFAULT NULL,
  `created_at` datetime NOT NULL,
  `updated_at` datetime NOT NULL,
  PRIMARY KEY (`id`),
  UNIQUE KEY `user_id` (`user_id`),
  CONSTRAINT `user_id_refs_id_1ce26a54` FOREIGN KEY (`user_id`) REFERENCES `auth_user` (`id`)
) ENGINE=InnoDB DEFAULT CHARSET=latin1;
/*!40101 SET character_set_client = @saved_cs_client */;

--
-- Dumping data for table `registration_userprofile`
--

LOCK TABLES `registration_userprofile` WRITE;
/*!40000 ALTER TABLE `registration_userprofile` DISABLE KEYS */;
/*!40000 ALTER TABLE `registration_userprofile` ENABLE KEYS */;
UNLOCK TABLES;

--
-- Table structure for table `sensecam_userinteraction`
--

DROP TABLE IF EXISTS `sensecam_userinteraction`;
/*!40101 SET @saved_cs_client     = @@character_set_client */;
/*!40101 SET character_set_client = utf8 */;
CREATE TABLE `sensecam_userinteraction` (
  `id` int(11) NOT NULL AUTO_INCREMENT,
  `creator_id` int(11) NOT NULL,
  `itact_type` int(11) NOT NULL,
  `message` varchar(100) NOT NULL,
  `created_at` datetime NOT NULL,
  PRIMARY KEY (`id`),
  KEY `sensecam_userinteraction_ad376f8d` (`creator_id`),
  CONSTRAINT `creator_id_refs_id_9dda6343` FOREIGN KEY (`creator_id`) REFERENCES `auth_user` (`id`)
) ENGINE=InnoDB DEFAULT CHARSET=latin1;
/*!40101 SET character_set_client = @saved_cs_client */;

--
-- Dumping data for table `sensecam_userinteraction`
--

LOCK TABLES `sensecam_userinteraction` WRITE;
/*!40000 ALTER TABLE `sensecam_userinteraction` DISABLE KEYS */;
/*!40000 ALTER TABLE `sensecam_userinteraction` ENABLE KEYS */;
UNLOCK TABLES;

--
-- Table structure for table `south_migrationhistory`
--

DROP TABLE IF EXISTS `south_migrationhistory`;
/*!40101 SET @saved_cs_client     = @@character_set_client */;
/*!40101 SET character_set_client = utf8 */;
CREATE TABLE `south_migrationhistory` (
  `id` int(11) NOT NULL AUTO_INCREMENT,
  `app_name` varchar(255) NOT NULL,
  `migration` varchar(255) NOT NULL,
  `applied` datetime NOT NULL,
  PRIMARY KEY (`id`)
) ENGINE=InnoDB DEFAULT CHARSET=latin1;
/*!40101 SET character_set_client = @saved_cs_client */;

--
-- Dumping data for table `south_migrationhistory`
--

LOCK TABLES `south_migrationhistory` WRITE;
/*!40000 ALTER TABLE `south_migrationhistory` DISABLE KEYS */;
/*!40000 ALTER TABLE `south_migrationhistory` ENABLE KEYS */;
UNLOCK TABLES;
/*!40103 SET TIME_ZONE=@OLD_TIME_ZONE */;

/*!40101 SET SQL_MODE=@OLD_SQL_MODE */;
/*!40014 SET FOREIGN_KEY_CHECKS=@OLD_FOREIGN_KEY_CHECKS */;
/*!40014 SET UNIQUE_CHECKS=@OLD_UNIQUE_CHECKS */;
/*!40101 SET CHARACTER_SET_CLIENT=@OLD_CHARACTER_SET_CLIENT */;
/*!40101 SET CHARACTER_SET_RESULTS=@OLD_CHARACTER_SET_RESULTS */;
/*!40101 SET COLLATION_CONNECTION=@OLD_COLLATION_CONNECTION */;
/*!40111 SET SQL_NOTES=@OLD_SQL_NOTES */;

-- Dump completed on 2014-03-10 14:11:52
